-11.676,51.405
-24.778,159.2
-15.792,66.773
-14.93,62.15
-25.364,168.03
-26.981,194.18
-16.623,71.929
-20.272,102.76
-29.309,236.42
-22.375,126.58
-23.685,143.64
-20.768,107.97
-10.045,50.001
-18.157,83.269
-27.457,202.38
-24.426,154.05
-12.545,53.239
-26.17,180.73
-22.773,131.57
-14.209,58.858
-28.972,229.97
-15.178,63.408
-20.011,100.11
-28.651,223.93
-29.591,241.9
-27.1,196.2
-17.413,77.474
-16.933,74.033
-28.17,215.08
-12.216,52.454
-23.255,137.85
-23.75,144.53
-13.598,56.472
-19.8,98.017
-11.178,50.693
-18.487,86.018
-16.167,69.016
-13.775,57.124
-24.711,158.21
-29.708,244.2
-20.873,109.11
-30,250
-21.962,121.54
-23.841,145.79
-24.241,151.41
-19.254,92.822
-23.105,135.86
-27.071,195.71
-22.716,130.85
-25.021,162.81
-25.529,170.58
-28.571,222.44
-12.354,52.771
-15.53,65.292
-20.964,110.1
-11.467,51.076
-22.887,133.03
-12.775,53.851
-28.466,220.5
-13.001,54.503
-25.583,171.41
-20.068,100.69
-17.026,74.684
-17.843,80.756
-17.583,78.751
-14.924,62.124
-17.454,77.782
-16.965,74.255
-10.428,50.092
-10.132,50.009
-12.474,53.061
-12.635,53.472
-16.284,69.747
-14.177,58.724
-11.986,51.973
-29.447,239.09
-23.411,139.92
-24.853,160.3
-26.551,186.98
-23.777,144.9
-20.963,110.09
-20.9,109.41
-29.502,240.16
-25.118,164.27
-28.485,220.86
-18.727,88.076
-28.821,227.11
-28.537,221.82
-23.317,138.67
-18.215,83.745
-21.627,117.6
-17.879,81.042
-21.049,111.04
-23.103,135.85
-16.553,71.468
-12.701,53.647
-22.951,133.86
-16.198,69.209
-17.924,81.397
-23.821,145.51
-17.038,74.765
-28.442,220.06
-18.473,85.895
-13.755,57.052
-14.098,58.396
-23.689,143.69
-26.101,179.62
-20.092,100.92
-10.478,50.114
-14.29,59.203
-22.774,131.59
-28.659,224.08
-25.788,174.63
-20.657,106.79
-28.542,221.9
-23.559,141.92
-29.808,246.18
-26.757,190.39
-18.939,89.954
-12.468,53.046
-20.101,101.01
-27.828,208.93
-29.925,248.5
-22.019,122.23
-23.805,145.29
-15.877,67.272
-29.868,247.37
-24.16,150.25
-24.436,154.19
-24.013,148.18
-29.106,232.52
-21.022,110.74
-20.25,102.54
-25.06,163.41
-21.541,116.6
-28.941,229.38
-19.057,91.015
-25.316,167.29
-14.638,60.754
-22.275,125.34
-19.314,93.374
-29.104,232.48
-11.851,51.714
-28.885,228.33
-25.65,172.46
-26.997,194.45
-17.826,80.62
-29.588,241.85
-29.7,244.05
-28.567,222.36
-29.916,248.32
-25.125,164.39
-26.994,194.4
-18.228,83.85
-13.09,54.774
-23.212,137.28
-23.603,142.52
-18.724,88.057
-17.215,76.031
-14.13,58.529
-21.405,115.04
-24.214,151.02
-15.14,63.211
-26.069,179.1
-14.662,60.865
-18.975,90.273
-18.39,85.2
-17.785,80.303
-23.074,135.46
-28.083,213.5
-26.863,192.18
-24.964,161.95
-19.065,91.083
-13.856,57.436
-14.28,59.16
-24.929,161.44
-15.296,64.021
-28.726,225.33
-15.895,67.376
-19.596,96.04
-25.24,166.13
-27.729,207.15
-13.848,57.403
-25.907,176.52
-15.273,63.903
-22.574,129.06
-21.181,112.5
-20.642,106.62
-26.306,182.95
-25.612,171.86
-27.796,208.36
-19.727,97.304
-25.24,166.13
-25.922,176.76
-10.916,50.419
-15.545,65.375
-17.04,74.781
-27.693,206.53
-18.209,83.692
-15.419,64.685
-28.856,227.78
-20.291,102.95
-28.834,227.36
-24.455,154.47
-23.666,143.39
-20.541,105.56
-29.057,231.58
-12.365,52.795
-28.001,212.02
-22.003,122.04
-29.158,233.52
-13.404,55.795
-16.63,71.976
-27.782,208.1
-19.436,94.522
-13.937,57.751
-21.786,119.45
-21.087,111.46
-22.705,130.71
-11.903,51.811
-27.555,204.1
-27.289,199.46
-22.88,132.95
-27.355,200.6
-22.596,129.33
-25.285,166.82
-22.013,122.15
-16.74,72.717
-15.624,65.816
-25.027,162.91
-15.127,63.145
-28.796,226.64
-28.089,213.61
-23.387,139.61
-24.142,149.99
-21.843,120.13
-21.114,111.76
-15.831,67.003
-23.32,138.71
-17.901,81.212
-11.898,51.802
-17.604,78.911
-25.681,172.95
-27.669,206.09
-24.123,149.73
-25.886,176.19
-19.021,90.69
-12.869,54.116
-29.401,238.2
-15.56,65.457
-26.979,194.15
-14.165,58.674
-22.742,131.18
-21.871,120.46
-28.534,221.75
-22.182,124.21
-16.455,70.835
-29.085,232.12
-19.835,98.363
-23.203,137.16
-16.01,68.058
-15.573,65.532
-19.472,94.855
-29.695,243.95
-24.883,160.75
-28.911,228.81
-20.614,106.33
-19.853,98.537
-12.637,53.478
-22.181,124.19
-20.729,107.56
-29.033,231.12
-26.687,189.23
-16.902,73.819
-21.082,111.41
-16.756,72.822
-11.289,50.831
-17.002,74.516
-26.124,179.99
-23.907,146.71
-27.347,200.45
-24.211,150.98
-22.938,133.7
-18.715,87.978
-26.504,186.19
-26.748,190.25
-17.742,79.966
-29.861,247.24
-19.653,96.593
-27.116,196.47
-19.739,97.421
-29.745,244.93
-28.665,224.19
-20.97,110.17
-15.514,65.201
-29.682,243.69
-21.014,110.65
-13.629,56.584
-14.022,58.088
-24.143,150.01
-19.672,96.777
-28.254,216.61
-25.855,175.68
-27.028,194.98
-20.843,108.79
-25.881,176.1
-20.872,109.1
-21.59,117.17
-18.402,85.299
-14.397,59.667
-23.665,143.37
-25.693,173.13
-29.782,245.67
-14.798,61.512
-27.188,197.72
-26.949,193.63
-27.234,198.51
-25.844,175.51
-27.235,198.52
-28.216,215.92
-23.443,140.36
-26.841,191.82
-27.165,197.32
-11.461,51.067
-29.805,246.12
-11.784,51.591
-22.163,123.97
-16.348,70.151
-15.42,64.686
-14.181,58.742
-21.552,116.73
-20.933,109.76
-15.824,66.96
-28.903,228.67
-28.976,230.05
-15.345,64.283
-21.192,112.63
-25.918,176.7
-21.259,113.38
-25.233,166.03
-29.411,238.39
-21.032,110.85
-17.354,77.043
-29.346,237.14
-21.162,112.29
-16.567,71.561
-10.287,50.041
-13.867,57.475
-28.204,215.7
-26.146,180.35
-19.259,92.864
-28.221,216
-23.044,135.07
-26.69,189.28
-29.943,248.87
-21.714,118.61
-29.493,239.99
-23.348,139.09
-28.023,212.41
-20.469,104.8
-21.57,116.93
-24.343,152.86
-23.298,138.42
-18.054,82.434
-26.363,183.87
-17.639,79.181
-26.343,183.55
-23.294,138.37
-17.15,75.565
-16.055,68.331
-23.164,136.65
-23.024,134.81
-25.808,174.94
-29.096,232.34
-16.852,73.476
-19.63,96.364
-18.923,89.807
-28.447,220.15
-27.806,208.54
-20.308,103.13
-21.475,115.83
-17.341,76.945
-14.018,58.073
-12.948,54.344
-15.502,65.135
-28.06,213.07
-25.241,166.15
-24.01,148.14
-19.636,96.43
-18.902,89.626
-22.313,125.81
-10.143,50.01
-18.144,83.16
-23.045,135.08
-14.763,61.341
-16.121,68.732
-24.121,149.7
-12.941,54.324
-23.095,135.75
-18.948,90.035
-23.596,142.42
-13.857,57.437
-26.499,186.11
-29.205,234.42
-25.15,164.76
-15.698,66.231
-27.225,198.35
-18.304,84.478
-23.502,141.16
-22.351,126.28
-29.604,242.15
-23.076,135.5
-19.675,96.802
-19.604,96.116
-24.404,153.74
-29.607,242.21
-26.428,184.95
-18.48,85.955
-19.121,91.598
-16.127,68.769
-18.591,86.903
-29.23,234.89
-16.767,72.894
-18.126,83.02
-18.563,86.667
-26.526,186.56
-16.644,72.073
-16.291,69.789
-19.605,96.126
-14.774,61.394
-29.979,249.58
-15.681,66.136
-28.394,219.17
-28.974,230.01
-26.406,184.58
-26.591,187.63
-25.763,174.23
-21.422,115.23
-13.072,54.72
-17.31,76.72
-23.282,138.21
-23.397,139.74
-29.487,239.87
-20.92,109.62
-18.217,83.757
-19.505,95.174
-20.478,104.9
-29.114,232.67
-28.828,227.25
-26.936,193.41
-29.602,242.11
-20.356,103.63
-23.436,140.26
-23.502,141.16
-29.486,239.85
-10.273,50.037
-21.624,117.56
-28.407,219.41
-19.017,90.657
-14.01,58.041
-18.382,85.126
-25.795,174.75
-29.271,235.68
-24.891,160.87
-25.591,171.53
-18.709,87.927
-21.865,120.39
-26.797,191.08
-28.782,226.38
-29.162,233.59
-16.616,71.885
-20.882,109.21
-20.552,105.67
-15.974,67.842
-17.053,74.875
-29.822,246.46
-10.828,50.342
-19.978,99.776
-27.801,208.43
-19.937,99.376
-23.138,136.3
-22.726,130.97
-29.864,247.29
-21.432,115.35
-26.156,180.5
-10.959,50.46
-29.108,232.56
-20.032,100.32
-18.791,88.637
-29.331,236.83
-21.934,121.21
-28.816,227.01
-27.028,194.98
-29.321,236.65
-24.773,159.12
-29.697,243.99
-28.955,229.65
-23.112,135.96
-28.76,225.96
-28.469,220.55
-27.175,197.49
-12.541,53.229
-21.293,113.77
-29.098,232.36
-23.492,141.02
-17.366,77.13
-24.699,158.03
-22.391,126.77
-28.752,225.82
-16.883,73.69
-29.992,249.85
-23.495,141.06
-26.444,185.21
-15.525,65.265
-23.725,144.18
-29.575,241.58
-23.331,138.86
-22.643,129.92
-26.077,179.23
-11.962,51.925
-25.618,171.96
-27.672,206.14
-25.977,177.63
-14.155,58.631
-17.147,75.542
-16.561,71.522
-14.952,62.261
-26.966,193.92
-12.199,52.418
-24.5,155.13
-13.59,56.443
-17.658,79.325
-23.175,136.78
-20.452,104.63
-17.973,81.781
-15.665,66.047
-24.075,149.06
-22.86,132.69
-28.01,212.18
-21.08,111.38
-18.438,85.599
-29.28,235.86
-18.438,85.596
-17.231,76.145
-21.306,113.91
-26.143,180.3
-28.215,215.9
-11.679,51.409
-23.57,142.07
-24.794,159.44
-13.86,57.452
-15.927,67.566
-28.584,222.68
-23.59,142.35
-16.766,72.893
-18.088,82.706
-22.957,133.95
-29.572,241.53
-21.949,121.38
-24.9,161
-28.578,222.57
-16.686,72.353
-14.864,61.83
-15.446,64.83
-26.963,193.87
-29.74,244.84
-27.285,199.39
-20.408,104.16
-25.181,165.23
-28.936,229.3
-14.801,61.526
-20.267,102.71
-25.455,169.42
-25.363,168.02
-28.732,225.44
-10.968,50.468
-25.476,169.76
-26.832,191.65
-10.351,50.062
-17.739,79.943
-15.92,67.523
-17.274,76.453
-25.694,173.15
-29.723,244.5
-18.607,87.04
-24.014,148.19
-16.628,71.964
-29.557,241.23
-20.502,105.14
-26.439,185.12
-11.866,51.741
-28.107,213.94
-29.011,230.7
-14.504,60.145
-24.972,162.08
-16.332,70.045
-18.753,88.307
-25.245,166.21
-23.876,146.27
-10.554,50.153
-23.886,146.41
-24.095,149.34
-30,250
-17.044,74.809
-24.434,154.17
-14.969,62.343
-27.091,196.05
-21.069,111.26
-20.711,107.36
-24.69,157.89
-12.008,52.015
-20.179,101.8
-14.205,58.839
-18.977,90.297
-19.739,97.42
-27.033,195.06
-28.507,221.26
-19.383,94.022
-16.407,70.523
-11.387,50.962
-10.71,50.252
-17.524,78.306
-24.223,151.14
-22.688,130.5
-21.281,113.63
-27.243,198.66
-21.764,119.19
-29.981,249.62
-23.816,145.44
-28.57,222.42
-12.626,53.448
-20.888,109.27
-18.465,85.826
-25.847,175.56
-12.68,53.59
-28.064,213.15
-29.995,249.9
-25.456,169.44
-11.376,50.946
-27.103,196.25
-19.292,93.173
-22.268,125.25
-11.882,51.77
-20.165,101.66
-27.508,203.26
-18.456,85.755
-22.633,129.79
-25.592,171.55
-14.216,58.887
-29.873,247.47
-29.887,247.74
-25.636,172.25
-18.88,89.429
-27.588,204.67
-29.084,232.1
-18.411,85.371
-25.787,174.61
-26.733,190
-19.637,96.433
-14.289,59.196
-24.953,161.79
-29.29,236.05
-25.447,169.3
-24.71,158.19
-18.745,88.24
-25.785,174.58
-16.554,71.479
-20.867,109.04
-23.29,138.32
-22.993,134.41
-24.631,157.03
-10.09,50.004
-26.908,192.94
-27.714,206.9
-14.626,60.702
-22.013,122.15
-17.061,74.932
-19.951,99.511
-18.084,82.673
-26.812,191.32
-11.672,51.398
-17.857,80.868
-24.865,160.49
-19.752,97.552
-21.98,121.76
-27.269,199.11
-23.413,139.96
-10.995,50.495
-29.127,232.93
-18.747,88.257
-22.68,130.4
-19.901,99.018
-24.631,157.04
-18.976,90.281
-21.043,110.98
-24.377,153.34
-25.809,174.96
-26.119,179.92
-19.869,98.694
-21.392,114.89
-25.68,172.93
-21.81,119.74
-26.541,186.8
-19.512,95.239
-18.441,85.628
-27.63,205.41
-16.793,73.069
-27.193,197.8
-17.327,76.844
-29.968,249.36
-22.525,128.44
-20.209,102.11
-29.207,234.45
-28.89,228.42
-29.489,239.91
-11.918,51.839
-11.595,51.273
-20.805,108.37
-22.782,131.69
-12.29,52.623
-18.53,86.384
-22.098,123.17
-28.133,214.4
-25.829,175.28
-26.572,187.32
-29.859,247.19
-15.988,67.927
-15.247,63.765
-25.188,165.34
-16.697,72.428
-25.522,170.47
-28.001,212.03
-14.517,60.202
-13.875,57.507
-13.458,55.978
-22.728,131
-10.901,50.406
-29.986,249.72
-21.79,119.5
-24.74,158.63
-22.032,122.38
-29.747,244.96
-25.248,166.25
-18.15,83.214
-20.006,100.06
-20.92,109.62
-10.129,50.008
-29.068,231.8
-17.402,77.393
-23.706,143.92
-16.049,68.296
-23.546,141.75
-20.888,109.27
-15.368,64.409
-17.837,80.712
-16.403,70.501
-25.252,166.31
-25.624,172.06
-23.385,139.58
-27.488,202.92
-18.83,88.986
-28.734,225.49
-28.314,217.71
-26.197,181.17
-26.987,194.27
-17.933,81.469
-19.99,99.897
-28.62,223.35
-24.017,148.24
-14.782,61.433
-28.759,225.96
-21.528,116.45
-15.834,67.018
-27.745,207.45
-29.635,242.77
-25.234,166.04
-10.874,50.382
-16.211,69.288
-16.448,70.789
-25.995,177.91
-24.697,158
-15.923,67.542
-23.15,136.46
-26.794,191.02
-21.875,120.5
-13.113,54.844
-16.969,74.285
-27.471,202.61
-19.424,94.405
-11.966,51.933
-25.66,172.63
-23.635,142.96
-16.567,71.562
-15.168,63.353
-29.9,248.01
-16.491,71.064
-20.191,101.92
-13.766,57.09
-21.851,120.22
-25.441,169.21
-28.919,228.97
-22.473,127.79
-22.528,128.48
-24.264,151.73
-22.927,133.55
-17.113,75.298
-16.609,71.841
-25.325,167.43
-19.249,92.77
-29.297,236.19
-12.245,52.52
-10.725,50.263
-28.162,214.93
-22.624,129.68
-29.279,235.84
-22.739,131.14
-22.157,123.9
-11.557,51.212
-19.826,98.279
-29.98,249.6
-15.356,64.345
-22.189,124.29
-28.992,230.35
-14.764,61.348
-29.119,232.76
-23.086,135.62
-22.275,125.34
-20.526,105.4
-21.282,113.64
-21.508,116.22
-19.892,98.926
-29.327,236.77
-15.599,65.673
-12.296,52.635
-21.47,115.78
-28.342,218.22
-13.361,55.648
-13.612,56.522
-10.159,50.013
-16.142,68.862
-22.472,127.77
-15.818,66.923
-27.865,209.58
-26.134,180.15
-24.763,158.97
-28.392,219.14
-29.112,232.63
-14.096,58.39
-29.906,248.13
-27.637,205.53
-16.895,73.771
-21.006,110.57
-12.61,53.406
-25.175,165.14
-17.359,77.077
-27.994,211.9
-25.856,175.7
-28.101,213.82
-29.155,233.46
-26.939,193.46
-25.93,176.89
-27.203,197.98
-15.936,67.62
-17.577,78.708
-13.616,56.537
-21.167,112.36
-27.769,207.87
-20.893,109.33
-24.163,150.29
-18.778,88.526
-17.78,80.263
-28.22,215.98
-16.941,74.087
-24.102,149.43
-29.325,236.73
-21.617,117.48
-16.145,68.884
-16.049,68.296
-16.631,71.984
-21.935,121.22
-29.091,232.23
-24.355,153.03
-28.025,212.45
-13.914,57.661
-26.172,180.76
-18.015,82.123
-17.858,80.872
-25.708,173.37
-13.172,55.031
-19.85,98.51
-16.325,70.004
-11.546,51.195
-29.839,246.8
-26.647,188.55
-29.024,230.95
-24.192,150.7
-15.276,63.917
-29.217,234.64
-27.281,199.32
-11.077,50.58
-20.364,103.71
-28.902,228.64
-14.023,58.091
-23.934,147.08
-27.544,203.9
-14.714,61.111
-26.396,184.41
-21.194,112.65
-19.167,92.018
-12.982,54.445
-22.77,131.53
-13.88,57.526
-29.803,246.07
-23.878,146.29
-29.078,231.99
-26.071,179.14
-23.059,135.27
-27.205,198.01
-22.36,126.38
-22.855,132.62
-17.159,75.624
-29.431,238.78
-21.874,120.5
-21.722,118.7
-21.132,111.96
-25.477,169.77
-21.042,110.96
-18.527,86.353
-21.911,120.93
-26.64,188.44
-15.302,64.056
-17.565,78.618
-23.245,137.71
-27.144,196.96
-16.74,72.712
-20.404,104.12
-29.605,242.18
-21.847,120.18
-13.342,55.583
-15.315,64.125
-23.026,134.84
-12.401,52.883
-14.949,62.248
-22.882,132.98
-21,110.5
-29.043,231.31
-28.798,226.68
-28.515,221.4
-18.09,82.722
-18.563,86.66
-13.872,57.496
-20.146,101.47
-15.599,65.672
-26.764,190.51
-18.468,85.855
-27.823,208.82
-19.06,91.045
-15.196,63.498
-11.272,50.809
-19.129,91.671
-22.533,128.53
-19.765,97.673
-16.26,69.595
-18.561,86.644
-22.053,122.64
-14.707,61.076
-23.122,136.09
-21.79,119.51
-24.46,154.54
-27.102,196.24
-23.23,137.52
-23.848,145.89
-12.617,53.425
-29.696,243.97
-18.241,83.955
-24.154,150.17
-27.626,205.34
-18.96,90.144
-20.944,109.89
-24.249,151.52
-20.926,109.69
-10.181,50.016
-26.335,183.41
-29.303,236.3
-19.382,94.009
-29.438,238.91
-22.544,128.67
-24.889,160.84
-26.673,188.99
-10.583,50.17
-22.184,124.23
-14.204,58.835
-14.415,59.745
-29.34,237.02
-28.838,227.44
-20.831,108.65
-18.506,86.177
-27.158,197.2
-13.137,54.92
-17.721,79.804
-10.654,50.214
-23.341,138.99
-23.27,138.05
-21.79,119.51
-23.191,137
-16.711,72.52
-21.189,112.6
-18.215,83.744
-13.368,55.671
-20.968,110.15
-24.632,157.05
-19.666,96.719
-26.166,180.66
-26.826,191.55
-19.325,93.474
-20.334,103.4
-29.313,236.5
-21.565,116.87
-25.221,165.84
-12.022,52.045
-19.948,99.485
-12.661,53.542
-16.891,73.745
-16.526,71.294
-23.756,144.62
-26.15,180.42
-11.18,50.697
-11.414,50.999
-22.125,123.51
-14.995,62.476
-27.966,211.38
-23.731,144.27
-25.989,177.82
-20.898,109.38
-16.935,74.048
-26.697,189.39
-25.308,167.17
-27.565,204.27
-24.277,151.92
-29.954,249.08
-21.251,113.29
-11.406,50.989
-23.431,140.19
-25.434,169.11
-21.385,114.81
-15.597,65.666
-20.585,106.02
-29.4,238.18
-26.016,178.26
-16.649,72.104
-26.196,181.16
-25.941,177.05
-28.888,228.38
-22.444,127.43
-29.71,244.25
-23.15,136.46
-21.562,116.84
-26.071,179.14
-25.645,172.39
-22.103,123.25
-27.63,205.41
-16.365,70.258
-28.59,222.8
-29.544,240.98
-10.089,50.004
-22.954,133.9
-20.218,102.2
-28.992,230.35
-13.444,55.929
-14.878,61.899
-16.746,72.754
-18.84,89.069
-10.042,50.001
-24.31,152.39
-25.489,169.96
-24.563,156.04
-20.699,107.24
-14.737,61.218
-23.159,136.58
-17.787,80.315
-24.756,158.87
-10.899,50.404
-16.498,71.114
-23.695,143.77
-28.851,227.68
-12.663,53.546
-28.479,220.73
-23.831,145.65
-18.926,89.833
-25.535,170.67
-18.442,85.632
-17.492,78.063
-23.337,138.94
-16.917,73.925
-25.143,164.66
-27.81,208.6
-24.877,160.66
-19.661,96.67
-17.618,79.017
-24.652,157.34
-16.134,68.812
-27.411,201.57
-23.314,138.64
-16.551,71.458
-28.05,212.9
-29.934,248.69
-12.552,53.257
-24.609,156.7
-29.508,240.28
-23.82,145.49
-24.346,152.9
-20.663,106.85
-16.558,71.505
-25.166,165
-29.08,232.01
-10.77,50.297
-13.197,55.11
-20.009,100.09
-17.723,79.82
-24.648,157.28
-20.181,101.82
-15.665,66.047
-28.717,225.17
-26.618,188.08
-25.202,165.55
-11.313,50.862
-23.132,136.23
-28.978,230.08
-14.836,61.694
-27.832,208.98
-23.85,145.91
-26.182,180.93
-25.058,163.37
-28.813,226.96
-28.181,215.28
-17.122,75.36
-18.589,86.889
-11.913,51.83
-28.971,229.95
-28.391,219.11
-29.83,246.61
-26.005,178.08
-28.363,218.59
-20.444,104.54
-19.819,98.21
-25.199,165.51
-12.598,53.376
-23.524,141.44
-16.22,69.344
-21.303,113.88
-18.669,87.577
-23.444,140.37
-28.116,214.09
-23.804,145.27
-26.019,178.3
-11.457,51.061
-28.814,226.98
-25.603,171.73
-15.36,64.365
-20.189,101.9
-28.742,225.64
-16.554,71.48
-11.307,50.854
-12.391,52.859
-15.33,64.206
-27.338,200.31
-21.284,113.67
-22.551,128.76
-25.405,168.65
-16.933,74.037
-14.171,58.7
-24.255,151.6
-29.939,248.78
-18.471,85.878
-10.987,50.487
-29.02,230.88
-29.734,244.72
-25.061,163.41
-29.426,238.68
-21.765,119.2
-14.98,62.401
-28.521,221.51
-28.903,228.66
-27.5,203.12
-28.275,216.99
-17.232,76.154
-24.396,153.63
-29.933,248.66
-23.649,143.15
-16.144,68.876
-26.192,181.09
-28.284,217.15
-28.37,218.72
-22.602,129.4
-24.841,160.12
-28.556,222.16
-26.234,181.78
-12.031,52.063
-19.578,95.87
-17.388,77.292
-23.134,136.26
-14.315,59.31
-28.09,213.62
-22.974,134.17
-11.433,51.027
-29.531,240.74
-29.754,245.12
-15.692,66.198
-18.277,84.256
-29.245,235.18
-25.563,171.1
-25.474,169.72
-27.919,210.54
-23.244,137.71
-17.682,79.507
-17.882,81.063
-20.779,108.09
-27.858,209.45
-21.447,115.52
-29.788,245.79
-17.959,81.672
-10.801,50.321
-19.388,94.07
-25.819,175.13
-18.749,88.269
-28.544,221.95
-28.626,223.46
-23.195,137.05
-13.778,57.137
-18.308,84.51
-24.665,157.54
-13.257,55.305
-10.514,50.132
-25.14,164.62
-19.528,95.395
-24.995,162.42
-26.229,181.68
-15.047,62.738
-18.93,89.873
-20.854,108.9
-28.881,228.24
-18.485,85.999
-20.864,109.01
-17.453,77.772
-15.595,65.652
-14.98,62.401
-28.625,223.45
-21.972,121.67
-29.05,231.46
-26.643,188.49
-24.611,156.75
-28.464,220.45
-23.751,144.55
-28.377,218.85
-27.673,206.17
-17.875,81.011
-21.296,113.8
-11.362,50.928
-15.664,66.038
-16.305,69.88
-28.888,228.38
-29.951,249.02
-29.029,231.05
-23.464,140.63
-28.598,222.94
-24.929,161.44
-16.498,71.113
-29.21,234.5
-29.574,241.57
-16.285,69.752
-25.678,172.9
-22.202,124.45
-20.536,105.51
-25.875,176
-21.4,114.98
-29.84,246.82
-17.559,78.566
-27.96,211.27
-29.364,237.48
-22.846,132.51
-21.16,112.27
-29.164,233.62
-26.54,186.78
-12.241,52.511
-27.053,195.41
-18.188,83.525
-24.488,154.94
-19.5,95.123
-24.361,153.12
-12.161,52.334
-27.021,194.85
-21.425,115.27
-29.623,242.52
-14.907,62.038
-13.605,56.498
-12.685,53.605
-22.924,133.51
-24.571,156.16
-12.976,54.428
-29.262,235.52
-27.584,204.6
-12.652,53.516
-23.728,144.24
-16.317,69.953
-20.004,100.04
-12.749,53.777
-22.713,130.82
-27.37,200.86
-16.875,73.635
-16.056,68.338
-15.313,64.114
-26.418,184.78
-27.648,205.72
-21.456,115.62
-18.004,82.029
-21.006,110.57
-14.451,59.906
-20.32,103.25
-25.75,174.04
-18.139,83.124
-27.889,210.01
-25.36,167.97
-23.152,136.49
-20.172,101.74
-27.981,211.66
-24.352,152.99
-25.968,177.48
-29.62,242.48
-28.227,216.11
-23.04,135.03
-24.682,157.78
-10.618,50.191
-29.336,236.93
-29.414,238.45
-29.8,246.01
-18.18,83.453
-29.892,247.84
-29.832,246.65
-18.352,84.877
-24.054,148.76
-22.598,129.36
-21.8,119.62
-13.843,57.384
-21.302,113.87
-26.405,184.56
-16.317,69.953
-24.637,157.12
-22.251,125.04
-17.843,80.755
-17.906,81.25
-29.803,246.09
-29.251,235.29
-12.697,53.637
-18.837,89.051
-25.884,176.15
-24.119,149.68
-10.225,50.025
-25.51,170.27
-16.412,70.559
-24.587,156.38
-24.588,156.4
-21.14,112.05
-25.248,166.25
-25.397,168.54
-20.424,104.32
-22.853,132.6
-21.083,111.41
-26.943,193.53
-18.472,85.884
-26.349,183.65
-29.872,247.45
-25.962,177.39
-18.714,87.963
-19.57,95.79
-18.872,89.357
-22.826,132.25
-28.234,216.24
-20.157,101.59
-15.5,65.125
-27.524,203.55
-29.296,236.17
-27.278,199.26
-27.409,201.54
-29.421,238.59
-15.366,64.397
-27.523,203.53
-23.1,135.81
-18.229,83.858
-26.787,190.9
-12.765,53.822
-25.221,165.85
-24.486,154.93
-14.777,61.411
-28.069,213.25
-24.01,148.15
-18.927,89.842
-27.231,198.45
-12.252,52.536
-26.769,190.61
-29.13,232.99
-13.953,57.813
-20.643,106.64
-26.861,192.15
-11.313,50.862
-22.692,130.55
-17.604,78.913
-28.821,227.12
-14.281,59.163
-28.097,213.75
-15.809,66.872
-29.763,245.29
-29.886,247.73
-24.573,156.19
-23.495,141.05
-19.667,96.721
-24.229,151.24
-20.109,101.1
-20.227,102.29
-21.163,112.3
-15.47,64.96
-14.37,59.548
-24.525,155.48
-21.005,110.55
-16.545,71.417
-17.744,79.983
-15.779,66.697
-27.485,202.85
-21.036,110.89
-20.038,100.38
-15.276,63.917
-12.292,52.627
-18.871,89.35
-19.907,99.07
-29.264,235.55
-21.906,120.87
-22.904,133.26
-26.987,194.28
-11.701,51.447
-21.152,112.18
-16.429,70.666
-10.097,50.005
-22.136,123.64
-17.383,77.258
-28.703,224.9
-13.399,55.778
-26.299,182.83
-26.932,193.34
-16.784,73.012
-21.11,111.71
-11.554,51.207
-14.552,60.362
-16.096,68.58
-27.874,209.74
-29.312,236.47
-19.522,95.336
-28.117,214.11
-15.596,65.659
-18.845,89.114
-24.789,159.36
-22.537,128.59
-29.979,249.59
-20.626,106.45
-22.133,123.6
-27.426,201.83
-26.863,192.18
-22.738,131.13
-29.216,234.64
-26.229,181.69
-22.576,129.08
-12.406,52.894
-12.506,53.139
-22.304,125.7
-22.501,128.14
-15.866,67.203
-21.055,111.1
-26.378,184.12
-18.004,82.034
-14.517,60.203
-22.059,122.71
-21.67,118.1
-29.573,241.55
-17.724,79.834
-14.149,58.607
-17.353,77.036
-25.662,172.64
-23.173,136.76
-29.062,231.68
-25.429,169.03
-29.907,248.15
-29.055,231.54
-26.163,180.62
-17.025,74.673
-18.682,87.688
-25.9,176.4
-22.725,130.97
-18.316,84.575
-29.241,235.11
-29.028,231.03
-29.39,237.98
-10.261,50.034
-25.213,165.72
-13.233,55.227
-29.399,238.17
-28.705,224.94
-14.162,58.66
-11.148,50.658
-25.176,165.16
-14.172,58.703
-26.346,183.6
-17.177,75.757
-25.761,174.21
-18.695,87.804
-28.479,220.74
-19.193,92.252
-26.946,193.58
-24.781,159.24
-19.013,90.621
-25.454,169.42
-15.809,66.871
-14.488,60.073
-19.916,99.168
-23.911,146.76
-23.84,145.77
-14.364,59.521
-20.458,104.69
-10.805,50.324
-29.744,244.9
-18.03,82.239
-24.791,159.39
-26.453,185.35
-11.258,50.792
-18.677,87.643
-29.166,233.66
-16.29,69.779
-20.944,109.89
-17.23,76.133
-25.42,168.9
-27.957,211.23
-29.831,246.63
-29.051,231.47
-14.381,59.596
-26.574,187.35
-29.78,245.61
-10.293,50.043
-28.215,215.89
-27.875,209.77
-25.186,165.31
-28.134,214.42
-25.376,168.21
-13.958,57.834
-15.117,63.093
-18.399,85.276
-23.92,146.88
-19.374,93.933
-10.415,50.086
-11.934,51.87
-24.905,161.08
-14.278,59.149
-19.147,91.83
-23.55,141.8
-16.14,68.85
-13.579,56.405
-19.548,95.585
-27.797,208.37
-29.973,249.46
-15.948,67.69
-28.568,222.39
-13.969,57.877
-23.181,136.87
-19.213,92.442
-25.167,165.02
-24.138,149.93
-18.589,86.883
-14.847,61.746
-14.547,60.336
-29.854,247.09
-27.629,205.38
-27.203,197.98
-16.049,68.293
-29.344,237.09
-19.527,95.382
-29.049,231.43
-27.98,211.64
-19.859,98.597
-17.554,78.534
-20.259,102.62
-26.14,180.25
-14.058,58.235
-27.68,206.29
-26.309,182.99
-29.939,248.77
-15.287,63.974
-24.654,157.38
-11.696,51.439
-13.653,56.672
-10.719,50.258
-29.999,249.98
-18.878,89.413
-19.585,95.94
-28.183,215.3
-23.314,138.64
-27.873,209.72
-27.775,207.98
-28.167,215.01
-20.974,110.21
-21.729,118.78
-28.081,213.46
-20.489,105.01
-24.743,158.68
-19.924,99.244
-16.345,70.131
-24.646,157.25
-26.542,186.82
-24.315,152.47
-22.302,125.67
-29.96,249.2
-12.383,52.84
-28.729,225.38
-28.586,222.71
-16.44,70.74
-29.72,244.44
-16.102,68.62
-21.008,110.58
-11.347,50.907
-27.461,202.44
-11.737,51.509
-11.293,50.836
-16.51,71.188
-29.333,236.88
-12.755,53.796
-26.036,178.57
-14.995,62.475
-25.503,170.17
-29.525,240.62
-23.3,138.44
-23.245,137.71
-14.861,61.816
-23.822,145.52
-21.946,121.35
-15.18,63.415
-28.537,221.81
-25.013,162.7
-25.495,170.04
-29.585,241.79
-22.587,129.22
-18.848,89.146
-21.541,116.6
-27.647,205.71
-14.638,60.756
-19.544,95.544
-23.859,146.04
-25.698,173.22
-13.883,57.537
-24.647,157.26
-15.679,66.124
-15.258,63.821
-17.126,75.393
-17.595,78.842
-25.11,164.16
-19.73,97.339
-22.617,129.59
-18.911,89.705
-16.26,69.593
-22.485,127.94
-22.929,133.58
-27.552,204.04
-29.22,234.71
-25.88,176.09
-26.738,190.09
-18.949,90.045
-20.679,107.02
-26.601,187.8
-23.781,144.96
-29.271,235.68
-26.71,189.61
-18.542,86.486
-22.08,122.96
-15.548,65.391
-28.629,223.52
-23.674,143.49
-24.242,151.42
-16.271,69.662
-15.757,66.572
-25.305,167.12
-29.185,234.04
-26.031,178.49
-17.906,81.253
-28.38,218.91
-25.369,168.11
-16.677,72.291
-23.652,143.19
-29.239,235.07
-29.245,235.19
-28.155,214.79
-20.517,105.3
-16.03,68.182
-29.336,236.94
-26.182,180.92
-14.43,59.814
-21.995,121.94
-29.481,239.75
-10.947,50.449
-12.248,52.528
-16.218,69.329
-29.708,244.19
-26.457,185.42
-18.997,90.472
-15.789,66.757
-18.263,84.141
-20.809,108.42
-17.737,79.928
-28.177,215.21
-17.314,76.746
-11.25,50.781
-25.269,166.57
-14.516,60.199
-21.057,111.13
-28.121,214.19
-22.425,127.18
-26.279,182.5
-22.605,129.44
-29.344,237.1
-29.099,232.38
-29.878,247.56
-28.839,227.46
-13.867,57.476
-25.212,165.71
-25.256,166.38
-15.427,64.724
-24.283,152
-11.796,51.613
-24.072,149.01
-20.765,107.94
-19.482,94.957
-19.505,95.174
-20.669,106.92
-24.016,148.22
-25.81,174.98
-29.32,236.62
-29.537,240.85
-22.088,123.06
-15.281,63.942
-26.777,190.73
-16.509,71.183
-27.094,196.1
-25.927,176.84
-22.846,132.51
-27.766,207.82
-27.643,205.64
-29.494,240.02
-28.814,226.98
-22.253,125.07
-23.214,137.31
-12.788,53.886
-26.439,185.12
-25.61,171.84
-29.56,241.29
-14.876,61.888
-20.415,104.24
-24.044,148.61
-20.162,101.64
-24.615,156.8
-21.71,118.57
-21.308,113.93
-26.163,180.62
-21.358,114.5
-25.607,171.79
-26.851,191.97
-18.523,86.324
-28.007,212.12
-24.024,148.34
-23.831,145.65
-20.798,108.3
-22.545,128.69
-10.521,50.136
-26.714,189.68
-15.196,63.498
-24.486,154.93
-17.92,81.36
-27.993,211.87
-27.951,211.12
-29.611,242.3
-20.554,105.69
-18.103,82.832
-21.649,117.85
-21.408,115.07
-23.133,136.24
-15.533,65.307
-25.256,166.38
-29.014,230.77
-27.985,211.73
-23.365,139.32
-25.705,173.32
-29.553,241.17
-18.388,85.183
-28.56,222.24
-13.392,55.753
-11.255,50.787
-28.602,223.03
-19.097,91.375
-13.928,57.715
-13.216,55.17
-17.03,74.712
-22.526,128.44
-14.47,59.992
-11.584,51.254
-18.611,87.075
-27.591,204.72
-21.65,117.86
-18.68,87.674
-16.963,74.245
-19.26,92.875
-24.038,148.53
-25.812,175.01
-14.663,60.87
-14.122,58.495
-10.548,50.15
-28.103,213.87
-24.971,162.07
-27.235,198.52
-22.729,131.02
-25.307,167.16
-28.788,226.5
-29.563,241.35
-22.465,127.68
-13.079,54.741
-13.132,54.905
-29.169,233.72
-18.924,89.818
-10.437,50.096
-22.348,126.23
-28.625,223.45
-14.521,60.22
-27.816,208.71
-11.993,51.987
-14.509,60.163
-18.474,85.902
-25.14,164.61
-21.238,113.14
-21.271,113.51
-11.933,51.868
-28.657,224.05
-28.654,223.99
-29.18,233.93
-25.019,162.79
-20.148,101.49
-18.554,86.586
-19.869,98.702
-22.797,131.88
-14.445,59.879
-28.81,226.91
-10.565,50.16
-16.696,72.421
-12.461,53.028
-17.113,75.297
-16.182,69.106
-21.569,116.92
-16.966,74.263
-18.807,88.78
-23.004,134.56
-22.152,123.84
-22.014,122.17
-22.186,124.25
-15.331,64.21
-19.632,96.388
-22.27,125.27
-13.943,57.774
-22.787,131.75
-12.998,54.494
-18.131,83.06
-28.655,224
-11.682,51.415
-29.24,235.1
-18.797,88.696
-28.993,230.37
-14.884,61.925
-23.977,147.68
-23.42,140.05
-12.4,52.88
-22.416,127.08
-22.057,122.69
-24.852,160.3
-20.784,108.15
-18.87,89.341
-28.43,219.84
-23.655,143.24
-25.184,165.28
-27.695,206.55
-18.56,86.64
-28.947,229.5
-18.478,85.936
-27.501,203.14
-18.801,88.727
-26.56,187.12
-27.39,201.21
-29.421,238.59
-11.685,51.42
-19.616,96.237
-25.636,172.25
-28.53,221.68
-17.791,80.347
-16.69,72.381
-15.033,62.663
-25.423,168.94
-25.847,175.56
-23.257,137.88
-26.82,191.46
-27.639,205.57
-22.328,125.99
-21.777,119.35
-28.294,217.33
-26.346,183.6
-24.509,155.26
-20.848,108.84
-10.225,50.025
-20.065,100.65
-19.236,92.655
-10.06,50.002
-19.787,97.893
-24.636,157.11
-28.966,229.85
-28.159,214.87
-23.578,142.18
-18.995,90.455
-28.214,215.87
-23.304,138.5
-29.244,235.17
-29.851,247.03
-18.57,86.72
-13.874,57.505
-29.384,237.86
-27.647,205.7
-18.783,88.567
-29.318,236.6
-22.281,125.41
-18.35,84.865
-28.928,229.14
-29.928,248.57
-16.573,71.604
-22.099,123.19
-28.473,220.63
-19.007,90.564
-15.432,64.754
-23.356,139.19
-17.726,79.847
-18.54,86.462
-29.464,239.42
-29.041,231.27
-22.272,125.3
-13.751,57.037
-18.461,85.795
-10.6,50.18
-29.682,243.68
-12.798,53.914
-11.015,50.515
-13.066,54.701
-12.831,54.008
-22.433,127.29
-14.777,61.412
-17.404,77.411
-11.562,51.219
-26.803,191.18
-25.413,168.78
-19.756,97.586
-26.065,179.05
-13.885,57.547
-21.903,120.84
-26.276,182.46
-14.89,61.958
-23.263,137.95
-14.625,60.695
-22.732,131.06
-26.441,185.15
-17.896,81.174
-29.172,233.77
-19.34,93.618
-22.238,124.89
-28.369,218.72
-26.136,180.18
-21.731,118.81
-14.849,61.758
-14.701,61.05
-18.951,90.057
-24.539,155.69
-29.677,243.59
-22.548,128.73
-29.5,240.13
-24.303,152.28
-19.222,92.522
-17.492,78.063
-14.13,58.528
-27.332,200.21
-29.627,242.61
-24.62,156.88
-29.32,236.63
-27.567,204.31
-19.813,98.148
-29.909,248.18
-15.609,65.731
-27.778,208.03
-29.284,235.93
-22.679,130.38
-23.545,141.74
-18.824,88.928
-13.721,56.923
-13.549,56.299
-29.231,234.92
-28.793,226.6
-27.78,208.06
-25.107,164.11
-27.876,209.77
-13.514,56.174
-20.291,102.95
-24.261,151.69
-14.265,59.096
-24.588,156.4
-27.033,195.07
-15.905,67.435
-28.448,220.17
-20.517,105.3
-23.003,134.54
-13.448,55.944
-21.412,115.11
-21.598,117.26
-29.106,232.51
-16.293,69.802
-14.967,62.337
-24.715,158.27
-27.48,202.77
-23.371,139.39
-19.801,98.033
-15.135,63.183
-26.786,190.89
-28.675,224.39
-25.585,171.44
-15.473,64.976
-29.996,249.92
-27.886,209.95
-21.884,120.62
-21.258,113.37
-26.938,193.45
-29.57,241.48
-10.495,50.123
-18.448,85.681
-22.157,123.89
-20.732,107.59
-20.635,106.55
-28.383,218.96
-29.854,247.08
-17.436,77.648
-16.03,68.181
-17.761,80.118
-28.754,225.86
-21.516,116.3
-25.083,163.75
-25.11,164.16
-29.776,245.54
-26.304,182.91
-14.232,58.955
-27.033,195.07
-27.04,195.17
-19.392,94.103
-27.74,207.35
-25.364,168.02
-20.027,100.27
-20.139,101.4
-20.06,100.6
-23.386,139.59
-18.078,82.627
-24.62,156.87
-26.706,189.55
-27.378,201
-22.801,131.93
-10.294,50.043
-14.499,60.122
-12.913,54.243
-29.737,244.78
-29.846,246.93
-17.159,75.624
-26.639,188.43
-20.84,108.76
-19.489,95.019
-11.48,51.096
-23.897,146.56
-22.645,129.95
-23.935,147.09
-22.702,130.66
-29.525,240.61
-21.27,113.51
-28.792,226.58
-29.27,235.67
-19.133,91.706
-21.03,110.83
-14.876,61.889
-19.941,99.413
-23.421,140.07
-25.099,163.99
-29.967,249.34
-28.409,219.45
-28.323,217.88
-26.532,186.65
-15.847,67.096
-23.556,141.89
-15.841,67.06
-25.295,166.97
-20.846,108.81
-16.883,73.687
-25.751,174.04
-20.341,103.46
-18.719,88.014
-16.227,69.39
-21.898,120.79
-25.537,170.71
-29.551,241.13
-19.558,95.677
-19.518,95.296
-18.304,84.476
-28.246,216.45
-29.084,232.1
-27.721,207.01
-21.118,111.81
-23.291,138.33
-28.833,227.34
-14.152,58.62
-19.299,93.239
-28.449,220.17
-22.93,133.6
-26.176,180.83
-26.949,193.64
-23.859,146.03
-21.195,112.67
-24.883,160.76
-29.183,233.99
-22.419,127.12
-11.29,50.832
-15.326,64.182
-10.206,50.021
-23.847,145.87
-26.972,194.02
-25.403,168.63
-20.392,104
-27.01,194.67
-22.622,129.66
-15.198,63.511
-18.354,84.895
-18.138,83.111
-27.962,211.32
-23.533,141.58
-15.836,67.031
-23.161,136.61
-25.001,162.51
-14.897,61.989
-27.808,208.57
-14.736,61.215
-20.525,105.39
-19.703,97.076
-17.013,74.591
-18.878,89.405
-22.058,122.7
-21.265,113.45
-17.049,74.845
-14.36,59.507
-28.927,229.12
-19.102,91.424
-16.088,68.534
-11.924,51.85
-13.045,54.637
-13.636,56.611
-26.532,186.65
-13.838,57.366
-24.717,158.3
-24.801,159.53
-22.565,128.94
-22.33,126.02
-27.722,207.03
-21.337,114.26
-12.979,54.438
-25.093,163.89
-13.972,57.889
-27.273,199.18
-23.645,143.09
-29.11,232.59
-22.808,132.02
-18.506,86.174
-22.843,132.48
-16.642,72.058
-17.862,80.902
-27.74,207.35
-27.619,205.21
-24.335,152.74
-24.413,153.87
-24.962,161.93
-22.537,128.59
-21.122,111.85
-14.034,58.137
-22.637,129.85
-20.776,108.06
-23.783,144.98
-27.46,202.42
-15.098,62.993
-14.324,59.351
-17.534,78.38
-15.647,65.943
-18.982,90.337
-29.078,231.98
-24.666,157.55
-14.886,61.936
-29.982,249.64
-27.975,211.55
-10.784,50.307
-19.442,94.576
-21.793,119.54
-17.115,75.311
-16.635,72.014
-17.948,81.585
-17.151,75.567
-23.857,146
-17.06,74.925
-27.049,195.33
-19.633,96.395
-26.767,190.56
-20.3,103.04
-15.169,63.361
-22.011,122.13
-23.475,140.78
-29.58,241.69
-13.805,57.241
-18.947,90.028
-18.906,89.658
-23.732,144.28
-24.354,153.01
-17.573,78.675
-28.474,220.65
-19.382,94.011
-27.697,206.6
-22.709,130.76
-12.134,52.278
-18.49,86.04
-15.164,63.332
-27.065,195.6
-10.016,50
-26.455,185.39
-29.922,248.45
-26.891,192.65
-27.922,210.6
-29.99,249.81
-19.939,99.391
-25.82,175.14
-20.871,109.09
-21.623,117.55
-26.424,184.88
-24.233,151.3
-11.331,50.886
-28.887,228.36
-16.599,71.775
-21.97,121.64
-27.126,196.66
-25.23,165.98
-15.601,65.684
-23.126,136.14
-13.692,56.816
-16.81,73.19
-28.443,220.08
-29.894,247.89
-16.425,70.641
-28.391,219.11
-22.225,124.73
-26.425,184.88
-29.147,233.31
-17.49,78.054
-16.441,70.741
-28.253,216.59
-12.894,54.187
-23.804,145.27
-14.733,61.199
-29.703,244.11
-22.402,126.9
-23.597,142.44
-16.653,72.13
-24.936,161.54
-23.005,134.56
-29.443,239.02
-26.622,188.15
-12.588,53.348
-26.077,179.23
-15.884,67.309
-10.548,50.15
-28.236,216.27
-29.719,244.41
-26.052,178.83
-21.125,111.88
-29.652,243.11
-25.563,171.1
-20.902,109.42
-13.687,56.798
-28.334,218.07
-16.405,70.513
-13.854,57.428
-25.119,164.29
-26.718,189.74
-23.463,140.62
-20.839,108.75
-23.268,138.02
-29.034,231.14
-15.952,67.716
-20.148,101.49
-12.916,54.252
-16.509,71.182
-29.277,235.8
-18.562,86.654
-28.032,212.58
-29.869,247.39
-23.347,139.08
-15.515,65.209
-18.712,87.949
-23.618,142.73
-10.933,50.436
-20.54,105.55
-27.856,209.42
-25.69,173.09
-16.088,68.529
-15.022,62.61
-20.858,108.95
-26.176,180.83
-17.301,76.651
-10.924,50.427
-11.619,51.311
-14.912,62.064
-27.944,210.99
-21.88,120.56
-14.413,59.735
-29.146,233.28
-14.192,58.788
-21.953,121.44
-19.244,92.725
-18.722,88.036
-20.54,105.55
-12.216,52.455
-19.852,98.529
-28.99,230.3
-20.878,109.17
-15.183,63.432
-14.846,61.741
-26.331,183.35
-20.048,100.48
-15.275,63.911
-16.004,68.022
-22.591,129.27
-26.388,184.28
-21.74,118.91
-20.611,106.3
-20.555,105.7
-13.329,55.541
-28.61,223.17
-15.126,63.138
-29.372,237.63
-22.542,128.66
-19.393,94.113
-23.142,136.35
-26.342,183.53
-15.647,65.943
-22.474,127.8
-29.856,247.12
-25.22,165.83
-23.84,145.77
-23.946,147.25
-27.316,199.92
-22.323,125.92
-26.321,183.18
-25.035,163.02
-16.158,68.959
-10.819,50.335
-11.219,50.743
-28.794,226.6
-21.145,112.1
-21.648,117.84
-18.527,86.351
-15.905,67.436
-27.837,209.09
-22.825,132.24
-25.379,168.26
-23.564,141.99
-27.864,209.55
-20.975,110.22
-13.447,55.942
-26.182,180.93
-27.37,200.86
-21.393,114.9
-28.204,215.69
-17.056,74.897
-12.877,54.139
-16.041,68.245
-19.018,90.663
-29.092,232.26
-24.689,157.89
-16.278,69.706
-29.867,247.36
-19.688,96.926
-25.631,172.16
-29.09,232.22
-11.781,51.587
-28.079,213.42
-13.275,55.364
-11.289,50.831
-10.056,50.002
-22.003,122.04
-19.767,97.693
-25.929,176.86
-23.288,138.29
-25.451,169.36
-20.119,101.2
-16.393,70.436
-22.751,131.29
-29.967,249.34
-19.978,99.777
-28.354,218.44
-18.191,83.544
-28.113,214.03
-23.107,135.89
-17.103,75.224
-29.292,236.08
-13.32,55.51
-29.828,246.57
-18.568,86.705
-26.295,182.76
-16.59,71.712
-28.706,224.96
-23.576,142.15
-24.382,153.42
-29.853,247.07
-19.471,94.85
-19.677,96.82
-27.004,194.56
-23.213,137.29
-21.34,114.3
-28.038,212.68
-19.38,93.988
-19.962,99.625
-27.249,198.76
-18.075,82.605
-15.12,63.107
-11.93,51.863
-21.004,110.54
-16.807,73.164
-13.675,56.752
-18.781,88.549
-12.677,53.584
-24.537,155.67
-27.051,195.37
-24.029,148.41
-20.015,100.15
-20.132,101.33
-23.377,139.47
-29.336,236.94
-10.739,50.273
-12.939,54.32
-25.601,171.7
-23.487,140.95
-28.989,230.3
-17.567,78.633
-11.511,51.142
-21.513,116.27
-25.907,176.52
-16.313,69.926
-29.016,230.8
-29.991,249.82
-20.646,106.67
-14.153,58.624
-24.37,153.25
-22.81,132.04
-16.087,68.523
-27.269,199.12
-28.378,218.88
-18.35,84.858
-24.928,161.43
-19.598,96.058
-20.227,102.29
-15.307,64.081
-28.68,224.48
-21.805,119.68
-23.316,138.66
-22.867,132.78
-27.653,205.82
-17.494,78.078
-26.783,190.84
-26.932,193.34
-24.655,157.39
-14.155,58.633
-27.755,207.62
-11.931,51.864
-15.352,64.323
-26.699,189.43
-26.149,180.4
-23.558,141.91
-24.344,152.88
-27.779,208.05
-15.936,67.618
-21.642,117.77
-20.649,106.7
-29.402,238.23
-28.765,226.06
-28.535,221.78
-29.849,246.99
-23.13,136.2
-25.927,176.83
-29.554,241.17
-21.744,118.96
-14.546,60.335
-29.914,248.28
-21.073,111.31
-16.953,74.17
-26.409,184.62
-23.321,138.72
-23.865,146.12
-20.262,102.66
-24.326,152.62
-29.09,232.21
-21.817,119.82
-17.368,77.143
-26.12,179.93
-18.908,89.675
-24.02,148.28
-28.535,221.78
-20.049,100.49
-28.346,218.29
-24.764,158.99
-28.098,213.78
-12.094,52.192
-28.937,229.31
-18.51,86.212
-18.543,86.49
-29.099,232.38
-19.733,97.363
-20.601,106.19
-11.542,51.189
-22.568,128.97
-22.817,132.13
-11.575,51.24
-11.89,51.787
-23.461,140.6
-23.823,145.54
-21.504,116.18
-15.405,64.61
-10.186,50.017
-28.134,214.41
-22.895,133.14
-19.334,93.559
-26.39,184.31
-23.085,135.61
-27.3,199.64
-26.91,192.98
-25.862,175.8
-15.661,66.024
-28.861,227.87
-28.546,221.97
-29.617,242.41
-28.812,226.95
-16.165,69.002
-24.974,162.12
-15.612,65.746
-15.116,63.088
-12.113,52.232
-26.111,179.78
-22.534,128.55
-29.305,236.34
-29.058,231.6
-18.177,83.429
-11.061,50.563
-25.562,171.09
-28.311,217.64
-21.931,121.17
-10.171,50.015
-25.131,164.48
-22.902,133.23
-14.774,61.396
-19.861,98.617
-23.621,142.76
-12.479,53.073
-28.926,229.1
-15.573,65.527
-17.689,79.563
-21.91,120.92
-16.661,72.185
-29.424,238.65
-19.015,90.634
-29.937,248.74
-21.824,119.91
-22.718,130.87
-28.474,220.65
-29.67,243.46
-15.415,64.659
-19.603,96.107
-23.968,147.56
-24.08,149.12
-27.831,208.97
-13.483,56.065
-28.236,216.28
-15.166,63.343
-22.383,126.67
-20.301,103.05
-16.357,70.207
-28.304,217.52
-15.34,64.26
-11.778,51.581
-22.199,124.41
-26.022,178.35
-26.458,185.43
-18.508,86.195
-19.645,96.509
-13.329,55.54
-28.588,222.76
-17.907,81.259
-22.961,133.99
-14.842,61.723
-28.12,214.16
-20.139,101.4
-29.37,237.6
-14.095,58.384
-17.33,76.862
-12.925,54.277
-24.488,154.95
-29.262,235.51
-27.467,202.55
-21.641,117.76
-26.123,179.98
-21.578,117.02
-22.724,130.95
-18.655,87.458
-24.704,158.1
-27.38,201.04
-17.684,79.525
-14.512,60.179
-21.177,112.46
-19.89,98.91
-25.534,170.65
-24.65,157.31
-12.435,52.964
-12.769,53.834
-27.952,211.14
-20.703,107.28
-21.578,117.02
-11.54,51.185
-23.212,137.28
-26.339,183.49
-29.888,247.77
-14.793,61.485
-29.543,240.97
-22.034,122.4
-24.924,161.36
-15.769,66.639
-29.523,240.57
-17.371,77.169
-16.336,70.072
-14.337,59.403
-25.214,165.73
-21.899,120.79
-17.226,76.107
-21.671,118.11
-22.453,127.53
-10.96,50.461
-29.951,249.01
-25.486,169.91
-16.51,71.192
-20.606,106.24
-12.365,52.797
-29.915,248.3
-10.352,50.062
-12.59,53.353
-20.155,101.56
-15.238,63.721
-29.371,237.62
-13.624,56.568
-23.132,136.23
-20.79,108.21
-25.139,164.59
-20.396,104.04
-26.443,185.19
-11.286,50.827
-26.182,180.93
-24.866,160.5
-26.824,191.53
-11.101,50.606
-25.854,175.67
-29.473,239.6
-25.043,163.14
-19.074,91.165
-11.387,50.962
-29.265,235.56
-28.948,229.51
-19.827,98.282
-16.23,69.406
-16.936,74.057
-19.805,98.067
-29.021,230.89
-21.079,111.37
-23.731,144.27
-29.984,249.68
-29.727,244.57
-25.194,165.43
-14.689,60.994
-24.421,153.98
-27.589,204.68
-29.809,246.19
-27.509,203.29
-13.659,56.695
-27.313,199.87
-21.592,117.18
-20.017,100.17
-27.42,201.72
-16.991,74.437
-11.881,51.769
-18.868,89.319
-21.226,113.01
-18.486,86.003
-29.886,247.72
-17.004,74.53
-18.623,87.175
-20.276,102.8
-19.944,99.441
-17.25,76.283
-26.107,179.72
-18.331,84.703
-25.239,166.11
-23.252,137.8
-20.292,102.96
-25.041,163.11
-11.726,51.49
-25.082,163.74
-14.373,59.562
-17.602,78.892
-28.912,228.83
-27.318,199.96
-29.09,232.22
-15.675,66.103
-23.755,144.6
-29.064,231.72
-16.252,69.543
-24.844,160.17
-21.934,121.21
-15.801,66.829
-23.891,146.49
-28.22,215.99
-17.685,79.532
-29.152,233.4
-24.565,156.07
-17.973,81.781
-26.679,189.09
-28.636,223.64
-12.432,52.957
-29.71,244.23
-29.858,247.16
-20.105,101.06
-23.64,143.02
-29.38,237.8
-14.568,60.431
-25.631,172.17
-29.366,237.52
-20.146,101.47
-28.075,213.35
-20.393,104.01
-29.475,239.65
-23.356,139.2
-28.979,230.11
-24.274,151.88
-29.166,233.67
-20.482,104.94
-28.744,225.67
-20.379,103.86
-21.272,113.53
-11.586,51.258
-18.562,86.653
-10.514,50.132
-15.411,64.639
-28.212,215.84
-25.736,173.8
-29.319,236.62
-22.737,131.12
-19.685,96.902
-22.252,125.06
-22.292,125.55
-25.94,177.04
-15.343,64.273
-28.439,220
-20.593,106.11
-26.121,179.94
-25.077,163.65
-24.296,152.19
-27.557,204.13
-29.707,244.18
-10.587,50.173
-10.884,50.391
-22.566,128.96
-21.738,118.89
-14.953,62.265
-17.132,75.432
-22.097,123.17
-24.218,151.08
-11.964,51.93
-17.925,81.4
-23.171,136.73
-14.855,61.787
-22.23,124.79
-21.964,121.57
-12.515,53.163
-27.468,202.56
-14.538,60.298
-24.754,158.84
-28.24,216.35
-22.952,133.88
-24.397,153.64
-29.687,243.79
-26.006,178.1
-25.564,171.12
-26.013,178.2
-24.466,154.64
-22.624,129.68
-13.533,56.242
-28.481,220.77
-16.333,70.055
-28.756,225.9
-21.976,121.71
-19.838,98.388
-21.188,112.59
-22.225,124.72
-24.346,152.91
-27.388,201.17
-21.763,119.19
-12.92,54.263
-22.089,123.07
-26.861,192.15
-18.197,83.595
-29.351,237.23
-28.459,220.37
-10.381,50.073
-23.198,137.1
-15.624,65.815
-28.813,226.97
-29.862,247.25
-24.44,154.26
-13.816,57.282
-28.593,222.84
-29.96,249.2
-15.061,62.809
-28.721,225.24
-27.542,203.85
-13.678,56.763
-24.988,162.33
-15.786,66.737
-21.832,120
-28.76,225.97
-23.024,134.81
-16.377,70.33
-26.91,192.97
-27.11,196.37
-14.413,59.735
-28.817,227.04
-28.595,222.88
-27.704,206.71
-25.73,173.71
-27.343,200.39
-23.297,138.41
-24.47,154.69
-20.186,101.88
-22.152,123.84
-22.474,127.8
-28.081,213.46
-15.994,67.963
-29.053,231.5
-25.277,166.69
-11.917,51.838
-26.119,179.92
-11.714,51.469
-16.392,70.426
-29.732,244.68
-25.087,163.82
-27.015,194.76
-28.558,222.19
-23.317,138.67
-25.068,163.52
-17.28,76.497
-13.42,55.847
-21.687,118.29
-29.8,246.02
-28.004,212.08
-13.26,55.314
-27.31,199.82
-25.98,177.68
-23.665,143.37
-20.196,101.98
-23.488,140.96
-24.382,153.42
-24.998,162.47
-13.877,57.516
-20.294,102.98
-12.134,52.278
-18.449,85.692
-27.797,208.37
-27.894,210.09
-29.221,234.71
-20.513,105.26
-17.069,74.987
-23.009,134.62
-23.101,135.82
-29.401,238.19
-23.847,145.87
-15.081,62.908
-16.321,69.976
-26.299,182.82
-29.978,249.57
-29.572,241.53
-22.852,132.59
-26.925,193.23
-29.931,248.62
-28.616,223.28
-22.113,123.37
-15.505,65.152
-22.229,124.77
-24.722,158.38
-11.951,51.902
-21.163,112.31
-19.688,96.925
-18.773,88.481
-26.663,188.83
-15.756,66.568
-25.944,177.1
-28.311,217.64
-16.2,69.217
-27.307,199.77
-13.059,54.68
-21.503,116.16
-24.784,159.29
-25.383,168.32
-18.808,88.792
-24.417,153.93
-28.159,214.87
-26.767,190.56
-18.701,87.852
-29.682,243.69
-23.764,144.73
-21.507,116.2
-29.208,234.47
-12.033,52.067
-26.403,184.53
-22.32,125.89
-23.083,135.58
-20.432,104.41
-27.006,194.61
-11.329,50.883
-14.071,58.287
-21.405,115.03
-24.809,159.65
-11.396,50.975
-26.547,186.9
-16.578,71.637
-25.055,163.32
-29.071,231.86
-12.025,52.05
-12.161,52.336
-15.564,65.477
-29.649,243.04
-17.508,78.185
-10.971,50.471
-22.43,127.25
-28.14,214.53
-19.939,99.393
-23.919,146.86
-22.929,133.58
-18.537,86.441
-29.816,246.33
-14.945,62.228
-25.591,171.55
-29.534,240.79
-18.148,83.195
-26.522,186.49
-29.52,240.52
-12.071,52.145
-22.856,132.64
-20.773,108.03
-17.583,78.753
-21.72,118.68
-22.409,126.99
-29.854,247.1
-25.304,167.1
-29.772,245.47
-24.796,159.46
-24.847,160.21
-28.3,217.44
-26.543,186.84
-19.848,98.491
-16.64,72.044
-19.059,91.028
-19.467,94.808
-17.523,78.294
-28.335,218.08
-12.025,52.05
-11.904,51.812
-28.037,212.66
-23.455,140.52
-14.834,61.682
-28.187,215.38
-17.277,76.476
-16.874,73.625
-15.307,64.081
-22.749,131.27
-19.658,96.643
-26.115,179.85
-21.038,110.92
-13.619,56.55
-28.935,229.27
-12.259,52.551
-10.329,50.054
-29.285,235.95
-27.344,200.41
-13.367,55.668
-26.882,192.5
-28.456,220.31
-14.985,62.428
-22.939,133.71
-26.688,189.25
-19.561,95.703
-25.802,174.85
-17.488,78.032
-15.223,63.641
-28.909,228.77
-26.64,188.45
-27.839,209.12
-22.293,125.56
-21.008,110.58
-26.242,181.9
-20.842,108.77
-24.306,152.33
-28.134,214.43
-26.771,190.63
-13.133,54.908
-22.978,134.22
-18,82.003
-21.294,113.78
-13.308,55.47
-24.409,153.82
-25.688,173.05
-23.728,144.23
-26.342,183.53
-10.904,50.409
-16.867,73.581
-20.143,101.44
-25.169,165.05
-16.997,74.48
-22.937,133.69
-22.068,122.82
-21.492,116.03
-23.55,141.81
-20.663,106.84
-26.177,180.85
-26.776,190.71
-21.217,112.91
-20.953,109.99
-18.722,88.034
-21.611,117.41
-25.207,165.63
-21.978,121.74
-22.931,133.6
-18.34,84.775
-19.889,98.892
-23.061,135.29
-26.832,191.66
-15.329,64.199
-28.702,224.87
-29.471,239.57
-29.949,248.97
-26.189,181.05
-26.575,187.36
-24.48,154.83
-24.708,158.16
-21.623,117.55
-17.484,78.002
-28.077,213.39
-16.146,68.889
-28.446,220.12
-25.799,174.8
-15.179,63.411
-18.27,84.198
-16.169,69.027
-18.285,84.321
-27.923,210.62
-18.955,90.095
-17.459,77.821
-26.94,193.48
-23.432,140.21
-28.263,216.76
-24.492,155.01
-16.788,73.041
-26.259,182.18
-19.731,97.343
-16.502,71.14
-10.261,50.034
-27.458,202.39
-12.927,54.283
-29.643,242.92
-29.671,243.47
-21.63,117.62
-20.72,107.46
-16.776,72.957
-27.049,195.33
-17.454,77.784
-20.646,106.66
-29.924,248.48
-22.47,127.75
-14.826,61.646
-22.146,123.77
-19.627,96.339
-27.169,197.38
-15.254,63.804
-14.774,61.396
-22.631,129.78
-20.233,102.36
-19.771,97.74
-24.356,153.05
-27.22,198.26
-22.898,133.18
-10.225,50.025
-23.089,135.66
-28.323,217.87
-29.705,244.15
-25.188,165.34
-24.083,149.17
-18.328,84.677
-10.46,50.106
-15.945,67.672
-27.965,211.37
-25.894,176.3
-25.834,175.36
-26.542,186.81
-14.725,61.161
-26.419,184.79
-29.428,238.73
-29.037,231.21
-26.24,181.87
-17.416,77.499
-20.685,107.09
-19.836,98.378
-29.447,239.09
-25.977,177.64
-11.865,51.739
-11.221,50.745
-14.114,58.462
-25.66,172.61
-17.655,79.297
-22.267,125.24
-29.893,247.86
-13.553,56.312
-18.497,86.096
-11.356,50.919
-22.022,122.27
-29.857,247.14
-24.834,160.02
-11.686,51.421
-20.563,105.78
-27.21,198.09
-21.483,115.93
-19.669,96.749
-25.272,166.62
-27.777,208.01
-26.255,182.11
-17.665,79.373
-11.96,51.921
-28.867,227.98
-25.979,177.67
-29.673,243.52
-24.945,161.67
-11.423,51.013
-25.095,163.94
-21.113,111.75
-21.668,118.07
-11.885,51.777
-27.081,195.89
-29.081,232.04
-23.329,138.83
-28.751,225.81
-20.946,109.9
-26.486,185.89
-29.689,243.82
-19.104,91.442
-29.726,244.55
-25.857,175.73
-23.634,142.95
-21.757,119.11
-26.703,189.5
-20.08,100.81
-26.615,188.02
-28.236,216.27
-26.258,182.16
-18.344,84.812
-17.189,75.841
-29.567,241.43
-21.461,115.67
-11.478,51.093
-11.58,51.248
-18.073,82.587
-24.02,148.28
-12.961,54.382
-29.894,247.89
-17.755,80.072
-25.661,172.64
-29.423,238.63
-24.913,161.2
-25.385,168.34
-28.917,228.93
-21.921,121.06
-29.155,233.45
-29.305,236.33
-14.401,59.685
-16.553,71.472
-16.775,72.951
-23.248,137.75
-13.692,56.817
-29.32,236.64
-15.1,63.007
-14.524,60.234
-28.938,229.32
-20.416,104.24
-14.823,61.632
-24.988,162.33
-19.495,95.08
-29.312,236.47
-19.053,90.974
-25.984,177.74
-22.398,126.85
-12.913,54.242
-15.859,67.166
-21.114,111.76
-29.82,246.41
-15.789,66.758
-21.812,119.76
-21.757,119.11
-27.222,198.3
-10.589,50.173
-28.898,228.57
-17.417,77.504
-26.623,188.16
-28.428,219.79
-25.744,173.94
-20.981,110.29
-19.708,97.125
-23.276,138.12
-24.067,148.94
-19.74,97.433
-28.255,216.62
-21.796,119.57
-27.743,207.41
-18.624,87.187
-26.009,178.14
-10.415,50.086
-21.521,116.37
-22.36,126.39
-26.564,187.19
-21.889,120.68
-27.367,200.8
-22.722,130.93
-29.985,249.7
-26.266,182.3
-26.209,181.37
-17.92,81.364
-21.251,113.3
-11.849,51.71
-24.417,153.92
-21.686,118.28
-11.715,51.47
-28.91,228.79
-15.315,64.125
-29.505,240.22
-19.191,92.241
-29.003,230.55
-24.62,156.87
-27.606,204.98
-29.258,235.44
-27.321,200.01
-24.342,152.85
-17.922,81.381
-16.04,68.239
-15.056,62.781
-23.236,137.59
-18.704,87.883
-17.437,77.652
-27.444,202.15
-19.136,91.734
-25.367,168.07
-24.121,149.7
-21.37,114.64
-20.221,102.23
-26.869,192.29
-21.338,114.27
-29.026,231
-19.308,93.319
-20.05,100.51
-20.564,105.8
-28.949,229.54
-18.899,89.593
-16.946,74.126
-23.061,135.29
-21.93,121.16
-29.058,231.61
-25.495,170.04
-10.598,50.179
-26.406,184.57
-26.497,186.08
-13.851,57.416
-23.153,136.51
-15.509,65.175
-17.792,80.359
-28.328,217.95
-10.875,50.383
-20.199,102.01
-16.631,71.982
-22.562,128.9
-10.147,50.011
-17.642,79.202
-22.599,129.37
-29.923,248.46
-27.786,208.17
-23.315,138.65
-25.303,167.08
-18.918,89.768
-29.972,249.43
-15.301,64.049
-22.467,127.71
-10.065,50.002
-29.994,249.88
-12.496,53.115
-29.949,248.98
-23.735,144.33
-23.048,135.13
-16.604,71.809
-17.093,75.154
-15.636,65.883
-29.901,248.03
-13.998,57.993
-28.775,226.25
-19.252,92.802
-18.336,84.747
-22.363,126.42
-20.599,106.17
-11.928,51.858
-16.633,71.995
-27.049,195.34
-23.332,138.87
-18.706,87.895
-14.735,61.212
-28.223,216.04
-11.667,51.39
-15.197,63.502
-16.528,71.308
-21.93,121.16
-20.353,103.59
-19.892,98.921
-14.852,61.773
-26.567,187.23
-22.652,130.03
-25.961,177.38
-26.091,179.46
-29.524,240.58
-23.717,144.08
-22.876,132.89
-11.842,51.696
-26.701,189.47
-25.392,168.46
-20.55,105.65
-19.709,97.131
-24.585,156.36
-19.47,94.842
-18.098,82.788
-29.311,236.45
-13.168,55.019
-29.279,235.84
-28.133,214.4
-23.642,143.06
-22.072,122.87
-19.162,91.97
-20.35,103.56
-26.46,185.46
-29.384,237.86
-24.205,150.9
-16.452,70.814
-17.651,79.273
-23.888,146.43
-27.741,207.38
-28.15,214.7
-20.507,105.2
-16.57,71.58
-24.76,158.93
-17,74.5
-15.678,66.118
-25.52,170.44
-26.493,186.01
-19.766,97.686
-11.439,51.035
-11.905,51.815
-11.263,50.798
-24.626,156.96
-10.401,50.08
-26.782,190.81
-26.097,179.56
-26.075,179.2
-15.013,62.563
-13.508,56.155
-19.135,91.721
-18.906,89.663
-29.579,241.67
-25.774,174.41
-22.37,126.5
-26.553,187
-23.077,135.5
-26.52,186.46
-18.369,85.018
-21.287,113.7
-22.538,128.61
-28.761,225.99
-27.778,208.03
-27.507,203.25
-25.403,168.63
-16.534,71.347
-12.877,54.137
-17.409,77.45
-21.436,115.4
-21.137,112.01
-17.354,77.038
-18.148,83.194
-12.295,52.634
-27.475,202.7
-27.92,210.56
-19.654,96.6
-23.221,137.4
-10.238,50.028
-14.831,61.672
-16.463,70.884
-15.624,65.815
-25.488,169.93
-17.039,74.775
-24.484,154.9
-29.76,245.23
-25.244,166.18
-18.443,85.642
-22.532,128.53
-13.859,57.446
-24.269,151.8
-17.685,79.528
-29.816,246.34
-25.389,168.41
-26.628,188.24
-24.806,159.61
-29.638,242.83
-20.233,102.36
-28.898,228.57
-21.872,120.47
-19.553,95.633
-21.577,117.02
-22.817,132.13
-23.089,135.67
-28.429,219.81
-27.504,203.2
-17.834,80.687
-29.849,246.99
-18.409,85.358
-14.753,61.294
-14.938,62.19
-23.429,140.17
-18.587,86.865
-13.806,57.243
-28.4,219.29
-28.433,219.88
-28.991,230.33
-26.743,190.17
-29.455,239.25
-24.129,149.81
-20.471,104.82
-25.116,164.24
-18.806,88.77
-21.866,120.4
-27.343,200.38
-23.118,136.04
-28.755,225.88
-25.491,169.98
-11.31,50.858
-24.059,148.82
-19.735,97.38
-22.491,128.01
-24.927,161.4
-12.27,52.575
-18.732,88.123
-12.337,52.732
-20.17,101.71
-18.231,83.876
-27.076,195.8
-27.132,196.76
-13.146,54.949
-14.938,62.191
-16.352,70.173
-28.098,213.77
-29.847,246.94
-27.264,199.02
-27.639,205.57
-17.473,77.919
-19.167,92.02
-27.352,200.55
-27.982,211.68
-28.93,229.16
-16.247,69.51
-26.723,189.84
-12.783,53.871
-11.401,50.982
-28.123,214.21
-16.886,73.71
-23.362,139.27
-27.25,198.78
-10.831,50.345
-22.294,125.57
-22.056,122.68
-27.819,208.75
-29.346,237.14
-19.539,95.496
-25.887,176.2
-26.302,182.87
-27.301,199.66
-25.405,168.66
-17.883,81.069
-27.419,201.72
-12.718,53.693
-25.816,175.07
-26.173,180.79
-22.303,125.69
-20.113,101.13
-20.344,103.5
-29.543,240.97
-11.248,50.779
-25.893,176.29
-16.793,73.07
-29.223,234.76
-24.685,157.83
-25.567,171.17
-26.216,181.47
-27.394,201.27
-23.823,145.54
-25.529,170.57
-29.929,248.59
-16.185,69.129
-13.809,57.253
-22.893,133.12
-26.732,189.97
-25.335,167.58
-13.598,56.472
-28.958,229.7
-29.132,233.02
-21.774,119.32
-16.285,69.753
-17.521,78.281
-24.333,152.72
-29.521,240.53
-18.308,84.511
-19.325,93.481
-27.864,209.56
-26.104,179.67
-24.532,155.59
-13.796,57.205
-27.784,208.14
-29.538,240.86
-10.867,50.376
-15.758,66.58
-17.704,79.673
-17.716,79.766
-22.207,124.5
-12.584,53.339
-17.847,80.788
-12.237,52.502
-21.381,114.77
-21.468,115.76
-15.033,62.665
-25.375,168.2
-16.628,71.963
-14.799,61.514
-23.922,146.9
-26.427,184.93
-13.382,55.72
-23.359,139.24
-21.103,111.64
-26.483,185.84
-29.271,235.69
-15.612,65.745
-27.81,208.59
-19.599,96.074
-16.818,73.243
-27.297,199.59
-21.999,121.98
-14.936,62.182
-24.765,159.01
-25.362,168
-25.195,165.45
-22.558,128.86
-26.609,187.92
-10.024,50
-26.808,191.26
-18.363,84.973
-14.066,58.266
-17.671,79.419
-28.066,213.19
-14.874,61.876
-12.907,54.225
-26.207,181.33
-18.78,88.546
-17.269,76.423
-23.696,143.79
-18.616,87.117
-28.156,214.82
-23.593,142.39
-19.245,92.735
-20.159,101.61
-22.389,126.74
-25.081,163.72
-12.7,53.645
-23.674,143.49
-23.413,139.95
-27.718,206.96
-18.479,85.951
-21.495,116.06
-26.48,185.79
-10.761,50.289
-17.537,78.405
-18.012,82.093
-14.093,58.377
-26.163,180.63
-25.841,175.47
-13.037,54.611
-26.869,192.27
-19.354,93.747
-24.32,152.54
-22.17,124.05
-23.321,138.73
-12.16,52.333
-18.145,83.168
-27.112,196.4
-20.344,103.5
-13.233,55.225
-29.231,234.92
-19.665,96.708
-29.18,233.93
-22.844,132.48
-28.988,230.28
-24.91,161.15
-24.99,162.36
-28.234,216.24
-16.041,68.249
-25.926,176.82
-27.709,206.81
-29.454,239.23
-29.841,246.84
-17.714,79.754
-17.423,77.551
-29.036,231.19
-29.219,234.68
-27.124,196.62
-18.093,82.745
-22.834,132.36
-20.316,103.21
-24.726,158.42
-21.11,111.71
-15.101,63.008
-29.022,230.91
-16.584,71.673
-23.591,142.36
-19.69,96.948
-28.017,212.31
-23.804,145.28
-27.157,197.18
-18.604,87.013
-14.13,58.529
-28.18,215.26
-17.199,75.916
-16.405,70.512
-23.854,145.96
-24.097,149.37
-18.435,85.571
-23.546,141.75
-13.302,55.452
-16.993,74.448
-19.605,96.13
-22.31,125.77
-15.269,63.881
-29.959,249.18
-29.717,244.37
-27.88,209.84
-17.594,78.833
-17.581,78.738
-27.66,205.94
-29.944,248.89
-19.684,96.891
-15.508,65.172
-12.609,53.404
-22.419,127.12
-19.09,91.314
-14.396,59.662
-16.973,74.31
-17.538,78.414
-20.949,109.94
-18.056,82.446
-18.345,84.817
-20.754,107.82
-18.969,90.223
-22.981,134.26
-29.573,241.54
-26.965,193.91
-20.478,104.89
-24.428,154.08
-24.636,157.11
-24.394,153.59
-20.866,109.04
-23.518,141.36
-15.084,62.921
-13.451,55.955
-16.858,73.516
-24.053,148.74
-28.381,218.94
-26.843,191.84
-23.777,144.9
-11.545,51.193
-19.997,99.971
-24.098,149.38
-18.959,90.135
-22.395,126.82
-22.208,124.52
-19.621,96.285
-17.419,77.519
-25.346,167.75
-24.451,154.41
-27.435,201.98
-29.877,247.55
-22.847,132.52
-29.791,245.84
-25.978,177.65
-22.154,123.86
-17.611,78.967
-28.731,225.43
-28.354,218.44
-28.054,212.98
-29.329,236.8
-26.586,187.55
-16.283,69.74
-22.241,124.92
-23.88,146.33
-23.742,144.42
-14.629,60.716
-23.429,140.18
-29.502,240.16
-15.363,64.382
-20.025,100.25
-18.265,84.151
-21.821,119.87
-19.4,94.182
-29.452,239.19
-27.613,205.12
-13.188,55.083
-27.818,208.74
-24.689,157.89
-25.472,169.68
-25.066,163.5
-17.772,80.201
-22.424,127.17
-17.898,81.186
-26.082,179.32
-20.761,107.9
-20.83,108.64
-18.256,84.082
-17.217,76.046
-18.877,89.4
-21.529,116.46
-15.855,67.14
-27.42,201.73
-16.171,69.04
-17.169,75.694
-18.96,90.141
-11.388,50.963
-17.023,74.662
-28.542,221.91
-27.183,197.62
-29.413,238.42
-14.012,58.049
-12.004,52.008
-27.855,209.4
-17.271,76.437
-18.477,85.932
-20.132,101.33
-17.178,75.759
-18.238,83.933
-20.338,103.44
-16.478,70.983
-28.723,225.28
-29.696,243.96
-19.931,99.316
-22.753,131.31
-29.408,238.34
-28.526,221.61
-16.203,69.236
-17.872,80.983
-26.933,193.37
-27.736,207.29
-12.443,52.985
-19.714,97.178
-29.736,244.75
-24.421,153.99
-25.443,169.24
-15.016,62.578
-20.033,100.33
-21.234,113.1
-10.406,50.083
-26.563,187.17
-17.138,75.475
-29.448,239.1
-28.212,215.84
-17.437,77.655
-24.634,157.08
-15.843,67.07
-17.913,81.304
-14.857,61.794
-28.679,224.45
-22.514,128.3
-19.247,92.756
-10.12,50.007
-15.506,65.158
-26.363,183.87
-16.893,73.758
-29.176,233.86
-28.765,226.06
-29.791,245.84
-23.29,138.32
-26.152,180.44
-18.63,87.243
-26.046,178.73
-29.874,247.48
-26.882,192.5
-24.349,152.95
-15.141,63.216
-26.69,189.28
-29.389,237.97
-26.632,188.3
-14.977,62.385
-24.313,152.43
-28.733,225.46
-17.768,80.171
-17.964,81.716
-18.036,82.29
-27.09,196.04
-26.834,191.69
-24.735,158.56
-26.289,182.67
-11.47,51.08
-23.075,135.48
-22.989,134.35
-17.037,74.758
-28.468,220.54
-18.47,85.87
-24.014,148.19
-25.886,176.19
-28.266,216.83
-27.883,209.89
-18.533,86.407
-19.353,93.736
-18.39,85.2
-29.096,232.33
-26.641,188.46
-28.288,217.23
-11.261,50.795
-17.912,81.296
-22.919,133.44
-11.97,51.941
-20.05,100.5
-28.277,217.03
-21.83,119.97
-15.582,65.578
-22.338,126.11
-18.73,88.106
-21.374,114.68
-14.163,58.665
-21.281,113.63
-11.452,51.054
-17.355,77.049
-16.585,71.678
-28.618,223.32
-10.805,50.324
-28.751,225.79
-11.311,50.86
-25.734,173.78
-21.511,116.25
-16.639,72.037
-16.161,68.979
-25.193,165.42
-16.486,71.034
-24.911,161.17
-26.484,185.86
-28.051,212.91
-25.562,171.09
-29.028,231.03
-26.91,192.97
-28.585,222.7
-29.472,239.59
-21.338,114.27
-18.29,84.362
-24.218,151.07
-29.869,247.39
-23.026,134.84
-19.112,91.51
-25.278,166.7
-25.666,172.72
-20.101,101.02
-27.95,211.1
-18.594,86.926
-28.232,216.21
-26.149,180.4
-23.919,146.87
-19.007,90.564
-20.998,110.48
-26.406,184.57
-15.868,67.217
-26.725,189.87
-26.378,184.11
-19.002,90.517
-19.746,97.488
-22.849,132.55
-24.558,155.96
-29.843,246.87
-18.626,87.203
-10.018,50
-27.791,208.26
-28.653,223.97
-21.63,117.63
-19.478,94.919
-20.229,102.31
-28.125,214.27
-20.701,107.25
-25.527,170.54
-16.339,70.093
-15.975,67.848
-19.153,91.888
-13.179,55.054
-24.013,148.18
-29.106,232.51
-23.483,140.9
-16.097,68.586
-15.691,66.194
-28.101,213.82
-24.559,155.99
-13.394,55.758
-21.74,118.92
-14.051,58.204
-28.191,215.46
-23.022,134.79
-18.128,83.03
-22.686,130.47
-17.209,75.986
-19.642,96.481
-21.403,115.02
-26.231,181.72
-29.751,245.04
-27.475,202.69
-26.404,184.55
-16.714,72.541
-24.177,150.49
-25.069,163.54
-19.622,96.296
-20.038,100.38
-11.571,51.233
-29.369,237.57
-22.425,127.19
-13.169,55.022
-19.359,93.791
-27.635,205.49
-22.662,130.17
-26.404,184.54
-26.139,180.23
-13.717,56.91
-25.688,173.06
-26.385,184.23
-24.643,157.21
-25.962,177.39
-29.566,241.42
-28.487,220.89
-24.919,161.28
-23.01,134.63
-11.068,50.57
-23.323,138.75
-23.978,147.69
-12.009,52.019
-23.568,142.04
-22.257,125.11
-23.364,139.3
-22.362,126.41
-29.836,246.74
-25.652,172.49
-19.473,94.869
-23.87,146.18
-28.628,223.5
-23.373,139.41
-18.106,82.853
-21.616,117.46
-16.642,72.061
-29.956,249.12
-28.636,223.65
-14.052,58.21
-26.021,178.33
-27.182,197.62
-17.783,80.291
-23.306,138.53
-25.212,165.7
-18.749,88.273
-18.146,83.181
-24.367,153.2
-27.441,202.09
-27.107,196.32
-28.664,224.18
-29.933,248.66
-21.117,111.79
-28.871,228.06
-28.973,229.98
-12.978,54.435
-23.298,138.42
-19.543,95.531
-22.378,126.6
-15.475,64.989
-25.561,171.06
-12.309,52.665
-22.446,127.45
-24.228,151.21
-29.833,246.67
-29.946,248.92
-19.705,97.094
-14.117,58.475
-16.339,70.094
-10.683,50.233
-12.452,53.005
-14.421,59.772
-26.925,193.24
-15.143,63.227
-29.665,243.35
-13.612,56.524
-20.704,107.29
-18.191,83.547
-22.952,133.87
-21.204,112.76
-12.962,54.387
-19.991,99.906
-21.67,118.09
-26.751,190.3
-20.175,101.76
-12.767,53.828
-12.907,54.225
-27.641,205.6
-22.198,124.39
-17.924,81.398
-28.492,220.98
-14.44,59.859
-27.288,199.43
-24.644,157.23
-10.215,50.023
-24.345,152.89
-15.37,64.416
-29.938,248.75
-27.243,198.65
-20.644,106.64
-29.515,240.41
-22.315,125.83
-29.577,241.63
-14.234,58.965
-28.323,217.86
-28.442,220.06
-28.358,218.51
-18.849,89.149
-19.457,94.719
-29.202,234.36
-15.278,63.929
-17.21,75.995
-18.403,85.303
-18.717,87.995
-29.994,249.89
-17.172,75.722
-21.252,113.3
-27.363,200.73
-29.645,242.96
-22.102,123.23
-17.752,80.049
-16.288,69.772
-28.29,217.26
-19.636,96.431
-20.72,107.46
-18.925,89.828
-21.896,120.76
-23.872,146.22
-26.143,180.3
-25.405,168.66
-11.171,50.686
-27.696,206.58
-11.101,50.606
-16.295,69.812
-11.56,51.217
-25.231,165.99
-18.728,88.087
-12.705,53.658
-29.441,238.97
-10.043,50.001
-24.674,157.66
-18.967,90.207
-22.407,126.96
-21.008,110.59
-19.263,92.898
-26.194,181.12
-25.243,166.17
-28.807,226.86
-19.417,94.339
-19.932,99.321
-21.022,110.75
-29.13,232.98
-25.065,163.47
-24.19,150.68
-23.064,135.33
-23.427,140.14
-16.524,71.28
-17.426,77.572
-19.476,94.895
-24.301,152.25
-17.23,76.136
-29.333,236.87
-25.437,169.15
-27.149,197.05
-27.651,205.79
-22.071,122.86
-27.759,207.7
-18.783,88.568
-14.837,61.697
-20.818,108.52
-27.941,210.95
-23.493,141.03
-17.031,74.72
-26.576,187.39
-15.184,63.439
-26.964,193.88
-15.619,65.785
-10.317,50.05
-23.634,142.94
-28.033,212.6
-25.732,173.75
-28.579,222.59
-12.627,53.451
-16.34,70.095
-24.097,149.37
-26.975,194.08
-22.61,129.5
-22.22,124.66
-29.863,247.27
-29.426,238.69
-22.612,129.53
-26.539,186.77
-25.307,167.16
-23.804,145.28
-14.082,58.331
-14.143,58.583
-15.918,67.509
-26.346,183.6
-13.247,55.27
-28.55,222.05
-27.551,204.01
-16.851,73.471
-28.29,217.26
-28.135,214.44
-28.151,214.74
-25.625,172.07
-22.672,130.29
-24.306,152.32
-26.78,190.79
-24.086,149.21
-17.876,81.015
-17.454,77.78
-28.266,216.82
-21.775,119.32
-26.729,189.93
-21.28,113.62
-15.242,63.741
-27.267,199.08
-25.381,168.28
-26.585,187.52
-25.563,171.11
-29.241,235.11
-20.665,106.87
-18.35,84.858
-13.185,55.072
-25.105,164.08
-28.873,228.1
-24.489,154.97
-19.552,95.616
-20.113,101.13
-18.696,87.806
-26.236,181.81
-15.216,63.601
-21.812,119.77
-29.398,238.15
-22.831,132.32
-28.542,221.91
-16.531,71.328
-23.043,135.06
-14.728,61.175
-22.335,126.08
-24.633,157.07
-20.364,103.71
-29.245,235.19
-23.573,142.11
-16.828,73.311
-27.641,205.6
-21.091,111.5
-17.92,81.362
-29.711,244.26
-29.065,231.73
-22.225,124.73
-29.583,241.75
-24.494,155.03
-22.557,128.84
-14.387,59.621
-25.201,165.53
-23.953,147.35
-13.457,55.977
-13.044,54.633
-17.106,75.248
-28.546,221.99
-28.073,213.31
-27.612,205.09
-14.04,58.159
-26.414,184.72
-15.436,64.777
-11.672,51.397
-26.782,190.82
-22.05,122.6
-26.55,186.95
-29.58,241.69
-21.804,119.66
-22.469,127.74
-17.497,78.099
-20.639,106.6
-16.425,70.638
-23.085,135.61
-21.258,113.37
-23.954,147.36
-20.33,103.35
-10.901,50.406
-25.144,164.68
-22.776,131.62
-28.383,218.97
-11.132,50.64
-29.919,248.39
-23.336,138.92
-25.865,175.85
-19.738,97.414
-28.688,224.62
-14.403,59.693
-27.87,209.67
-29.153,233.41
-29.845,246.91
-26.963,193.87
-19.047,90.924
-17.308,76.702
-17.866,80.933
-25.498,170.1
-25.941,177.06
-29.374,237.67
-17.241,76.214
-27.257,198.9
-26.914,193.04
-14.66,60.859
-21.773,119.3
-17.472,77.914
-27.583,204.58
-17.482,77.99
-13.828,57.328
-16.247,69.513
-15.371,64.425
-29.673,243.51
-22.585,129.19
-17.21,75.989
-11.153,50.664
-14.658,60.851
-28.645,223.81
-26.053,178.85
-29.977,249.55
-23.684,143.62
-27.616,205.16
-15.499,65.117
-14.216,58.886
-29.681,243.67
-14.556,60.377
-24.623,156.92
-23.101,135.81
-27.628,205.38
-21.618,117.49
-15.86,67.172
-20.092,100.93
-19.945,99.448
-18.351,84.867
-18.59,86.894
-12.081,52.166
-15.319,64.143
-27.061,195.53
-20.96,110.06
-29.329,236.81
-29.232,234.93
-14.535,60.285
-27.566,204.28
-14.563,60.409
-23.818,145.46
-18.29,84.361
-18.332,84.711
-23.644,143.08
-11.378,50.949
-16.534,71.344
-27.395,201.29
-23.567,142.03
-16.743,72.732
-17.79,80.342
-23.079,135.53
-16.101,68.61
-29.591,241.91
-29.98,249.61
-20.133,101.34
-22.025,122.3
-28.821,227.12
-14.779,61.42
-21.349,114.4
-23.094,135.73
-26.763,190.5
-10.783,50.307
-17.305,76.679
-23.4,139.78
-17.355,77.048
-29.892,247.84
-24.782,159.25
-24.297,152.21
-23.437,140.28
-14.77,61.378
-27.053,195.41
-10.317,50.05
-17.222,76.077
-16.092,68.557
-24.504,155.18
-28.207,215.75
-13.55,56.302
-21.615,117.45
-11.652,51.365
-18.505,86.167
-15.119,63.103
-20.285,102.89
-22.535,128.56
-20.85,108.86
-14.56,60.396
-29.309,236.42
-23.669,143.42
-13.955,57.821
-28.956,229.67
-26.882,192.5
-24.042,148.59
-26.532,186.65
-20.064,100.65
-24.178,150.51
-18.114,82.919
-20.353,103.59
-20.3,103.04
-26.635,188.37
-21.675,118.15
-29.014,230.77
-23.775,144.88
-29.77,245.43
-22.322,125.91
-25.288,166.87
-26.933,193.36
-29.641,242.89
-17.721,79.805
-22.18,124.18
-27.677,206.24
-17.533,78.374
-13.128,54.892
-25.973,177.57
-14.763,61.343
-29.906,248.12
-24.528,155.54
-14.946,62.234
-19.562,95.713
-19.059,91.036
-14.472,59.998
-15.877,67.269
-12.004,52.009
-14.368,59.541
-28.261,216.74
-28.078,213.41
-18.172,83.392
-29.941,248.83
-17.339,76.933
-13.59,56.444
-25.261,166.45
-27.432,201.93
-12.698,53.64
-21.791,119.51
-29.894,247.88
-19.654,96.597
-22.595,129.32
-26.585,187.52
-11.162,50.675
-21.126,111.89
-29.851,247.04
-19.556,95.659
-22.267,125.24
-19.437,94.529
-21.742,118.94
-23.997,147.95
-23.157,136.56
-18.268,84.182
-14.32,59.33
-18.735,88.148
-16.94,74.079
-28.525,221.58
-29.058,231.61
-25.212,165.7
-17.479,77.971
-19.915,99.157
-19.961,99.61
-29.673,243.52
-20.797,108.28
-22.302,125.67
-28.479,220.73
-12.447,52.993
-13.965,57.861
-29.713,244.29
-25.289,166.87
-25.993,177.89
-16.452,70.811
-18.204,83.65
-25.413,168.78
-26.866,192.23
-25.392,168.46
-14.742,61.244
-18.85,89.161
-25.761,174.2
-29.542,240.95
-27.044,195.25
-26.394,184.39
-27.997,211.94
-25.49,169.98
-12.181,52.378
-16.944,74.111
-24.598,156.55
-26.928,193.27
-18.156,83.256
-19.78,97.825
-14.655,60.834
-27.391,201.22
-20.616,106.35
-14.928,62.144
-13.593,56.455
-29.926,248.52
-26.401,184.5
-21.28,113.62
-23.313,138.62
-24.897,160.96
-18.672,87.601
-29.782,245.67
-22.261,125.17
-13.974,57.895
-24.339,152.8
-10.668,50.223
-25.467,169.62
-27.472,202.63
-26.375,184.07
-19.198,92.304
-13.809,57.254
-27.898,210.17
-20.988,110.37
-25.913,176.61
-22.875,132.88
-27.85,209.32
-13.85,57.412
-28.289,217.24
-13.016,54.549
-12.005,52.01
-22.585,129.19
-14.991,62.455
-28.878,228.19
-29.239,235.07
-14.48,60.033
-28.595,222.88
-24.223,151.15
-12.046,52.093
-28.284,217.15
-17.953,81.626
-24.564,156.06
-20.892,109.32
-25.527,170.55
-24.096,149.34
-19.432,94.484
-21.806,119.69
-13.549,56.298
-19.363,93.833
-23.117,136.02
-29.348,237.18
-14.859,61.803
-27.842,209.17
-10.814,50.331
-26.641,188.46
-26.68,189.11
-29.048,231.41
-20.737,107.64
-28.876,228.15
-26.543,186.84
-23.17,136.73
-18.91,89.69
-16.034,68.206
-22.952,133.87
-19.027,90.744
-27.336,200.26
-17.096,75.177
-29.019,230.87
-22.994,134.42
-14.431,59.819
-11.179,50.695
-24.951,161.77
-22.507,128.21
-14,57.999
-22.094,123.14
-17.602,78.892
-29.208,234.48
-14.789,61.469
-18.508,86.196
-11.111,50.618
-17.536,78.396
-26.461,185.49
-14.87,61.861
-22.598,129.36
-20.52,105.34
-23.005,134.57
-17.188,75.837
-21.702,118.46
-18.394,85.229
-16.405,70.511
-15.175,63.39
-13.79,57.181
-27.245,198.7
-23.458,140.56
-21.059,111.15
-23.714,144.04
-15.957,67.741
-26.591,187.63
-21.448,115.52
-25.729,173.71
-27.498,203.1
-13.157,54.984
-29.87,247.41
-20.507,105.2
-22.617,129.59
-26.306,182.95
-29.943,248.85
-15.547,65.384
-21.112,111.74
-26.488,185.93
-14.656,60.841
-25.537,170.7
-22.485,127.93
-26.034,178.54
-28.167,215.02
-22.372,126.54
-27.637,205.53
-14.075,58.301
-16.694,72.408
-22.731,131.04
-25.281,166.75
-20.908,109.49
-27.696,206.58
-24.327,152.63
-28.796,226.65
-18.867,89.312
-25.193,165.41
-21.794,119.55
-29.136,233.09
-29.901,248.03
-22.415,127.07
-23.928,147
-28.994,230.38
-22.452,127.53
-21.544,116.63
-16.377,70.333
-29.807,246.15
-13.622,56.561
-26.928,193.27
-21.114,111.76
-28.908,228.75
-15.778,66.694
-20.675,106.97
-13.921,57.687
-10.911,50.415
-23.748,144.51
-21.818,119.83
-26.888,192.6
-28.76,225.96
-12.692,53.624
-15.864,67.193
-19.523,95.344
-28.912,228.82
-21.555,116.76
-25.485,169.89
-19.437,94.527
-19.966,99.662
-16.444,70.765
-10.429,50.092
-29.983,249.67
-29.761,245.25
-29.931,248.63
-17.126,75.389
-23.187,136.95
-28.516,221.43
-12.152,52.315
-13.277,55.37
-14.993,62.466
-15.99,67.942
-29.177,233.88
-28.476,220.68
-29.473,239.6
-22.898,133.18
-29.908,248.15
-25.057,163.36
-23.208,137.23
-19.653,96.594
-21.473,115.82
-29.989,249.78
-26.285,182.6
-19.59,95.987
-24.784,159.28
-17.731,79.886
-29.704,244.12
-16.352,70.175
-22.539,128.61
-25.891,176.27
-28.677,224.41
-17.189,75.843
-26.327,183.28
-23.021,134.77
-12.343,52.745
-26.549,186.94
-20.433,104.43
-29.847,246.95
-19.305,93.288
-29.953,249.05
-17.475,77.941
-24.969,162.03
-26.337,183.44
-20.988,110.36
-26.859,192.11
-16.65,72.109
-24.329,152.66
-26.166,180.66
-29.633,242.72
-13.628,56.581
-27.55,204
-14.675,60.926
-20.54,105.55
-21.984,121.81
-13.417,55.836
-26.484,185.87
-15.158,63.302
-22.579,129.12
-20.532,105.46
-10.49,50.12
-27.74,207.36
-29.262,235.51
-21.357,114.49
-22.822,132.2
-20.444,104.54
-29.555,241.19
-27.398,201.35
-26.633,188.33
-17.021,74.648
-22.039,122.47
-24.601,156.59
-24.734,158.55
-28.508,221.26
-25.914,176.62
-20.433,104.43
-12.807,53.94
-23.643,143.06
-20.096,100.96
-12.17,52.355
-15.676,66.11
-17.382,77.248
-29.483,239.79
-19.407,94.245
-26.445,185.22
-16.656,72.148
-22.205,124.48
-29.192,234.16
-28.929,229.15
-25.527,170.55
-20.561,105.77
-21.356,114.48
-10.39,50.076
-24.218,151.07
-13.262,55.319
-28.688,224.61
-12.466,53.04
-14.317,59.317
-17.93,81.445
-19.787,97.893
-19.16,91.957
-29.729,244.61
-12.044,52.088
-24.317,152.49
-17.505,78.166
-27.16,197.23
-25.776,174.44
-13.495,56.109
-26.387,184.27
-14.415,59.747
-29.62,242.47
-27.056,195.45
-18.807,88.784
-29.906,248.12
-25.406,168.67
-22.115,123.39
-18.533,86.404
-29.135,233.08
-29.328,236.78
-17.722,79.813
-24.936,161.55
-17.007,74.548
-18.732,88.121
-19.419,94.356
-23.499,141.11
-26.193,181.11
-14.345,59.44
-24.979,162.19
-20.073,100.74
-26.761,190.47
-14.333,59.385
-29.695,243.95
-13.6,56.479
-27.617,205.18
-15.208,63.561
-18.81,88.808
-29.986,249.72
-27.587,204.66
-26.326,183.27
-29.85,247
-21.501,116.13
-26.509,186.28
-11.468,51.078
-26.694,189.34
-18.475,85.915
-26.458,185.43
-21.234,113.1
-28.462,220.42
-28.049,212.88
-27.553,204.06
-10.175,50.015
-15.679,66.124
-11.052,50.553
-27.375,200.94
-15.931,67.587
-16.427,70.651
-18.58,86.807
-13.048,54.645
-24.889,160.84
-29.76,245.23
-24.61,156.72
-13.346,55.598
-24.462,154.58
-25.404,168.64
-16.386,70.39
-21.17,112.38
-29.753,245.08
-13.574,56.388
-20.094,100.94
-24.456,154.48
-12.114,52.235
-24.761,158.94
-22.051,122.61
-27.309,199.79
-29.22,234.71
-27.108,196.35
-28.438,219.99
-18.363,84.974
-13.778,57.135
-23.559,141.92
-29.851,247.04
-29.775,245.53
-16.516,71.229
-14.824,61.637
-18.907,89.671
-26.527,186.57
-26.01,178.16
-29.545,241
-18.067,82.538
-17.603,78.904
-11.298,50.842
-21.302,113.87
-24.991,162.36
-25.045,163.18
-12.437,52.97
-22.353,126.29
-20.737,107.64
-25.002,162.53
-26.477,185.75
-16.33,70.035
-29.856,247.13
-11.6,51.28
-29.481,239.75
-23.608,142.58
-17.793,80.363
-17.461,77.834
-23.319,138.69
-23.968,147.55
-18.494,86.07
